ERP,PLANT,VENDOR,DESADV,ASN CREATED
ER37,360006,10012911323,08/08/2018,103
ER37,360006,10010007334,11/22/2022,132
ER37,360006,10013241319,11/04/2022,23
ER37,360006,10014756553,04/28/2021,93
ER37,360006,10011287264,07/22/2018,48
ER37,360006,10014143341,01/15/2018,77
ER37,360006,10012533573,04/09/2022,51
ER37,360006,10139811293,12/02/2020,81
ER37,360007,10010245784,12/22/2018,143
ER37,360006,10014648364,02/18/2017,53
ER24,608006,10140483877,10/03/2020,2611
ER37,360006,10014725262,09/05/2018,17
ER37,360006,10011435633,10/25/2022,59
ER37,360006,10011653265,03/09/2022,23
ER37,360007,10129811444,11/20/2020,99
ER37,360007,10014467679,01/20/2022,49
ER24,608006,10109513131,07/10/2018,1906
ER33,250001,10010038272,11/29/2017,211
ER24,356015,10102423511,07/27/2017,1900
ER12,036002,10013624555,01/22/2018,23
ER37,360007,10011063467,01/26/2022,223
ER37,360006,10013568764,10/22/2018,16
ER24,608006,10142163521,06/25/2021,2186
ER37,360006,10119321856,12/19/2017,9
ER37,360007,10110481991,03/07/2020,38
ER24,356015,10121813561,12/20/2019,676
ER37,360006,10010237688,08/10/2022,4
ER33,250001,10011982169,11/23/2018,251
ER13,250009,10117336738,03/29/2017,1646
ER16,818003,10013964242,01/19/2020,90
ER37,360006,10120151495,05/26/2018,16
ER71,826016,10013821492,09/23/2021,452
ER24,608006,10149463483,10/31/2021,29
ER24,356015,10129533612,07/09/2018,316
ER11,840071,10013475542,06/26/2020,702
ER24,356015,10101993464,09/09/2017,1263
ER24,608006,10114723284,04/29/2021,1828
ER15,156045,10135293316,06/18/2018,210
ER24,356015,10109513131,07/15/2018,544
ER70,792024,10012621814,02/18/2020,129
ER24,356015,10141283133,10/08/2017,578
ER24,608006,10135224300,06/03/2020,1194
ER15,156051,10011652673,03/01/2021,16
ER16,818003,10001333130,12/15/2020,439
ER24,608006,10106593280,10/23/2020,416
ER35,276001,10010162623,04/17/2018,89
ER19,724024,10129051657,08/07/2019,6
ER37,704025,10013475988,08/18/2021,868
ER15,156067,10123321626,02/17/2017,16
ER19,724037,10113921662,11/04/2018,3
ER15,156067,10011260548,07/09/2018,15
ER13,348061,10010334101,04/29/2022,201
ER37,704025,10010546985,08/05/2022,973
ER15,156067,10127391958,06/04/2021,7
ER15,156067,10100332426,10/14/2017,12
ER37,360006,10132361449,06/24/2021,4
ER24,356015,10107503530,07/31/2019,443
ER71,826016,10001486651,05/06/2021,332
ER37,360006,10013861837,06/20/2020,14
ER70,792024,10001490964,12/21/2018,50
ER15,156046,10122032218,01/10/2020,31
ER24,356015,10118276231,05/17/2018,352
ER24,356015,10124573657,07/09/2017,871
ER24,608006,10139094255,02/10/2021,729
ER37,360006,10013024300,10/26/2021,11
ER16,818003,10013190168,05/29/2017,76
ER37,360006,10013697366,03/13/2020,9
ER24,608006,10141733350,10/28/2021,426
ER19,724025,10104181714,02/02/2022,3
ER15,156067,10122822808,01/20/2021,9
ER15,156068,10010979604,04/06/2021,77
ER15,156046,10110372187,06/30/2021,15
ER37,360006,10011948281,03/27/2018,18
ER71,826016,10010544573,09/01/2019,221
ER32,203002,10134951582,04/11/2017,1234
ER13,250009,10114934092,11/06/2017,312
ER15,156067,10010427580,07/31/2019,50
ER24,608006,10127534517,11/28/2020,755
ER37,360006,10014476282,07/29/2017,13
ER24,608006,10125044567,06/10/2018,27
ER19,724037,10010482103,08/27/2020,155
ER11,840071,10013853908,12/28/2022,837
ER19,724037,10107831831,03/15/2019,92
ER24,356015,10136653837,11/05/2019,492
ER37,704025,10010824984,07/06/2017,145
ER24,356015,10114966377,12/29/2019,300
ER15,156050,10135293316,06/12/2018,39
ER13,428069,10134713776,09/08/2022,23
ER29,276001,10013497504,04/08/2017,424
ER19,724037,10114401072,08/06/2021,4
ER24,608006,10131451873,12/20/2021,33
ER36,348001,10001285580,12/07/2018,7
ER24,608006,10117453992,12/31/2020,60
ER13,428069,10117336738,04/03/2017,401
ER13,428069,10127107516,01/02/2018,230
ER13,250033,10113224813,10/23/2020,456
ER13,250009,10123741797,01/05/2018,97
ER11,484058,10013475542,06/25/2020,337
ER13,428069,10116367383,05/24/2017,29
ER24,608006,10119473872,07/24/2019,837
ER13,250054,10117336738,03/29/2017,288
ER13,250053,10105772890,02/20/2022,936
ER15,156067,10122863710,07/04/2022,78
ER72,356061,10111901118,01/01/2021,69
ER71,826008,10013821492,09/13/2021,434
ER11,840071,10010915763,12/07/2019,1839
ER15,156067,10110153497,02/26/2019,10
ER12,036016,10013624555,01/26/2018,164
ER15,156067,10142971605,10/18/2022,12
ER13,250013,10142562297,01/21/2020,864
ER13,250054,10113224813,10/25/2020,359
ER24,356015,10102905284,10/31/2021,238
ER24,356015,10149733694,06/17/2017,392
ER15,156054,10011809644,09/19/2019,3
ER11,840071,10012058228,09/25/2019,1006
ER24,608006,10145873723,07/02/2018,3376
ER15,156057,10013002806,01/03/2022,2
ER24,608006,10122213384,02/02/2021,745
ER24,356015,10149463483,10/23/2021,6
ER37,360006,10010185618,07/22/2017,7
ER15,156067,10148402769,02/29/2020,34
ER24,608006,10122813356,07/23/2022,381
ER37,360006,10011107294,06/10/2020,23
ER15,156050,10119511862,12/06/2020,6
ER13,250033,10117336738,04/01/2017,371
ER15,156067,10011809644,09/21/2019,5
ER13,250033,10107085056,05/18/2020,263
ER32,203002,10124331342,06/26/2022,66
ER24,608006,10109763729,01/02/2022,400
ER15,156047,10135293316,06/22/2018,15
ER15,156067,10136633258,03/19/2017,9
ER24,608006,10102266206,12/30/2019,384
ER13,250024,10131914287,12/02/2017,278
ER11,484056,10146821459,02/27/2022,349
ER15,156051,10012936428,06/08/2020,36
ER24,356015,10148653143,03/02/2022,226
ER70,682012,10133092321,10/09/2021,111
ER15,156068,10011652673,02/28/2021,1
ER13,250020,10104021835,02/09/2021,1289
ER70,792021,10012621814,02/18/2020,97
ER24,608006,10148653143,03/07/2022,726
ER24,608006,10106825841,12/28/2018,225
ER13,250053,10117336738,03/28/2017,270
ER24,608006,10107503530,08/06/2019,129
ER13,250020,10117336738,04/04/2017,466
ER32,203002,10113271195,09/10/2018,840
ER37,704025,10012086994,03/04/2019,21
ER11,484081,10014073337,08/23/2022,119
ER15,156047,10100321688,12/12/2022,37
ER24,356066,10126436482,12/05/2021,110
ER24,608006,10144204346,09/14/2022,521
ER72,356055,10111901118,12/13/2020,46
ER13,250013,10126131196,06/14/2019,28
ER13,348061,10136194170,09/29/2017,46
ER19,724025,10010911637,04/18/2017,911
ER37,704025,10134131427,11/03/2020,242
ER37,360006,10010725277,09/22/2021,3
ER13,250015,10001081224,06/02/2017,116
ER13,428069,10131157517,04/30/2019,272
ER32,203002,10132811429,10/31/2019,19
ER19,724025,10001309083,01/06/2020,2
ER24,608006,10112903383,03/10/2018,568
ER13,040005,10123413327,01/14/2021,9
ER19,724025,10116261711,06/13/2021,3
ER24,356015,10127784405,07/14/2021,162
ER24,608006,10011230446,01/16/2022,178
ER24,356016,10149463483,10/25/2021,3
ER19,724037,10014318438,01/05/2020,71
ER24,356015,10141123292,12/18/2017,44
ER15,156067,10105191718,12/03/2017,13
ER15,156067,10012936428,06/16/2020,36
ER11,484058,10013121615,01/31/2022,1423
ER24,356015,10139611079,05/23/2021,51
ER16,818001,10001333130,12/01/2020,183
ER12,702097,10128761985,08/28/2021,37
ER13,250015,10110202107,05/23/2018,178
ER71,826016,10014753196,08/29/2022,180
ER23,380003,10012335804,12/25/2020,17
ER34,040001,10011832180,01/07/2021,9
ER15,156057,10013935373,08/17/2022,28
ER19,724037,10127301069,08/06/2021,5
ER24,608006,10106075859,04/26/2017,381
ER24,608006,10106796015,11/27/2021,470
ER15,156057,10010404687,11/09/2019,16
ER19,724037,10133691074,08/10/2021,4
ER37,704025,10014115987,11/08/2017,111
ER13,250026,10126131196,06/08/2019,134
ER34,040001,10012540165,02/22/2021,16
ER13,250032,10118342050,01/14/2022,60
ER13,250032,10134196382,07/26/2022,108
ER13,250009,10013832732,08/27/2022,467
ER24,608006,10116943452,03/24/2021,187
ER24,608006,10122413158,09/19/2021,180
ER13,250032,10118245078,06/03/2017,66
ER71,826016,10012907204,11/18/2021,157
ER13,348061,10123741797,01/14/2018,16
ER24,356015,10106825841,01/08/2019,20
ER15,156051,10013499549,05/12/2021,823
ER15,156030,10136871332,12/29/2019,44
ER11,484056,10011002609,08/20/2018,507
ER24,356015,10146603910,01/01/2021,32
ER24,156012,10101304227,11/02/2019,3
ER24,356016,10109513131,07/25/2018,99
ER71,826008,10129481727,04/04/2017,327
ER12,356044,10129903266,11/29/2017,414
ER31,276007,10000122813,02/06/2018,91
ER15,156047,10001018260,11/24/2021,64
ER13,250013,10117336738,03/25/2017,280
ER13,250019,10117336738,04/09/2017,98
ER13,250009,10123413327,01/13/2021,63
ER15,156051,10010404687,11/07/2019,9
ER13,250015,10102473076,01/12/2020,70
ER13,428069,10134442278,06/05/2017,32
ER12,392076,10014666830,08/02/2020,85
ER19,250018,10102803030,10/23/2022,129
ER11,484085,10014073337,08/22/2022,117
ER15,156050,10100321688,12/11/2022,12
ER13,250026,10105772890,02/22/2022,57
ER15,156046,10115483155,02/17/2019,24
ER21,616002,10012445883,04/05/2017,74
ER13,250019,10118245078,06/04/2017,39
ER33,250001,10001214691,01/14/2020,211
ER13,250051,10117336738,03/23/2017,284
ER13,250052,10117336738,04/10/2017,295
ER13,348061,10123413327,01/20/2021,9
ER24,356065,10126436482,11/23/2021,129
ER35,276001,10010744606,05/02/2018,43
ER31,276002,10011488209,10/25/2022,102
ER13,250032,10117336738,04/16/2017,241
ER12,702097,10115611135,08/18/2022,57
ER24,356065,10014183357,04/30/2022,131
ER24,608006,10149743340,07/01/2021,201
ER37,704025,10120551769,10/29/2020,69
ER71,826016,10011435139,01/15/2020,200
ER24,608006,10128363857,09/04/2017,120
ER24,608006,10107353427,01/24/2023,260
ER37,360006,10117211630,02/19/2017,13
ER13,250009,10001081224,06/22/2017,253
ER12,410081,10115521121,04/27/2019,2
ER18,458002,10001010422,02/28/2022,16
ER11,484058,10014073337,08/29/2022,94
ER15,156068,10010404687,11/08/2019,6
ER15,156067,10010979604,03/19/2021,68
ER18,756001,10001010422,02/21/2022,8
ER33,250001,10012273206,01/25/2018,44
ER15,156050,10001018260,11/18/2021,35
ER39,208006,10014825547,07/07/2020,23
ER11,840071,10120151416,02/15/2019,109
ER24,608006,10132685988,08/15/2021,348
ER37,360006,10141261202,08/05/2020,110
ER24,840008,10141823710,03/02/2021,48
ER24,356015,10129081081,03/04/2019,207
ER19,724037,10129051657,08/26/2019,7
ER15,156030,10011644514,07/01/2020,22
ER15,156051,10123673692,02/22/2020,11
ER24,608006,10110142311,07/26/2018,63
ER31,276004,10001211890,01/17/2020,118
ER15,156054,10010404687,10/31/2019,3
ER19,724034,10013836848,08/17/2018,22
ER14,276003,10112812788,03/27/2017,102
ER24,608006,10105356333,11/01/2018,10
ER13,250024,10142572867,11/22/2018,54
ER13,250053,10001196247,12/16/2021,380
ER24,356015,10011230446,01/10/2022,105
ER24,608006,10141176326,12/03/2017,386
ER16,818001,10010570154,02/28/2017,298
ER11,840071,10001249616,11/17/2018,101
ER24,356015,10115433725,02/06/2021,160
ER13,250033,10113314814,10/26/2017,193
ER71,826018,10001486651,05/04/2021,45
ER15,156010,10115162838,11/14/2018,9
ER37,704025,10013737992,10/31/2021,6
ER13,348063,10012607441,03/10/2021,86
ER24,608006,10139993385,03/04/2022,9
ER15,156067,10012037290,07/08/2017,86
ER37,704025,10129241880,10/01/2022,67
ER15,156047,10014840486,02/04/2019,6
ER23,380004,10011594547,06/28/2020,30
ER11,840053,10014073337,08/24/2022,108
ER32,203002,10118281513,05/26/2021,61
ER24,608006,10147473155,06/13/2022,442
ER24,156012,10139094255,02/14/2021,2
ER13,100007,10128354493,09/24/2019,37
ER24,356015,10123926202,03/04/2022,17
ER35,276001,10001247655,11/27/2018,28
ER24,608006,10012346909,05/31/2020,279
ER13,250054,10113314814,10/14/2017,191
ER71,826020,10129481727,04/08/2017,80
ER15,156051,10011882544,01/23/2018,20
ER15,156067,10123673692,03/02/2020,10
ER11,484085,10011002609,08/13/2018,649
ER19,724037,10014786454,04/07/2021,47
ER15,156031,10011839303,12/29/2018,32
ER19,724023,10010911637,03/24/2017,448
ER13,250009,10115401739,06/07/2020,134
ER24,608006,10132214157,05/15/2017,220
ER13,250009,10143992181,11/02/2019,114
ER15,156068,10013935373,08/18/2022,22
ER15,156067,10102351286,02/04/2022,16
ER37,764011,10012370377,01/29/2020,474
ER15,156031,10136871332,12/23/2019,18
ER24,608006,10010101392,09/08/2017,53
ER13,250032,10124432276,06/06/2021,213
ER24,356015,10101304227,11/07/2019,13
ER13,250015,10117336738,04/18/2017,65
ER13,250038,10117336738,04/02/2017,828
ER23,380003,10012240889,08/16/2018,124
ER19,724025,10101921712,06/23/2018,2
ER34,040001,10010472233,04/30/2019,6
ER13,040005,10128063773,04/13/2019,5
ER15,156065,10149211374,06/01/2022,4
ER33,250001,10000137591,06/19/2021,22
ER15,156038,10013434312,11/20/2017,3
ER15,156065,10137823684,04/04/2019,19
ER13,250009,10106611929,08/17/2022,54
ER24,528061,10127863903,09/28/2022,25
ER71,826008,10011435139,01/13/2020,116
ER15,156051,10010672596,02/26/2018,2
ER32,203002,10120811375,04/18/2019,31
ER37,360006,10011255672,05/15/2020,4
ER13,250033,10118801965,06/20/2019,72
ER15,156051,10147433521,11/20/2020,31
ER15,156043,10013076309,08/28/2022,44
ER13,100007,10106543682,06/16/2019,100
ER24,608006,10132193537,05/04/2018,187
ER24,608006,10101993464,09/19/2017,13
ER19,724035,10013836848,08/21/2018,22
ER24,840002,10141823710,03/03/2021,21
ER23,380003,10011140736,02/19/2018,14
ER33,250001,10012404258,08/05/2020,11
ER24,528057,10127863903,09/20/2022,28
ER13,250053,10148471325,10/26/2019,8
ER24,356016,10148653143,03/03/2022,75
ER24,608006,10128413545,04/29/2021,121
ER16,818003,10011323173,08/18/2020,8
ER15,156068,10012037290,07/20/2017,55
ER23,380004,10014138554,01/12/2018,4
ER24,356015,10105356333,10/17/2018,99
ER13,250022,10112411275,03/02/2017,36
ER13,428069,10107887540,06/19/2022,84
ER13,348065,10109655566,12/25/2018,23
ER15,156067,10111401705,02/18/2020,10
ER12,410081,10105315057,05/22/2018,1
ER13,250019,10118342050,01/15/2022,30
ER15,156046,10140732336,06/20/2021,28
ER24,608006,10116601467,06/17/2020,8
ER14,056015,10106742031,01/02/2021,23
ER31,276007,10001028693,04/24/2018,56
ER15,156051,10136633258,03/13/2017,6
ER13,250050,10117336738,03/22/2017,94
ER15,156051,10012171550,09/23/2018,7
ER13,250051,10128395511,03/18/2020,90
ER32,203002,10114011188,03/28/2022,56
ER13,250013,10102473076,01/15/2020,73
ER11,484085,10124812409,12/08/2022,448
ER19,724023,10111142678,03/02/2017,43
ER23,380004,10012199287,12/24/2018,7
ER31,276005,10013285470,09/09/2020,13
ER19,724025,10138281713,06/13/2017,3
ER15,156065,10013004306,11/15/2022,4
ER23,380001,10001350428,12/05/2020,31
ER11,484058,10120002444,11/14/2017,388
ER11,840071,10147661775,06/01/2019,76
ER37,764011,10010210406,01/22/2019,794
ER13,348065,10123413327,01/10/2021,6
ER32,203002,10137131206,09/25/2019,19
ER15,156031,10011644514,06/27/2020,7
ER11,840084,10013853908,12/26/2022,57
ER12,702096,10010381855,05/13/2022,68
ER37,704025,10012568989,06/16/2022,5
ER13,250009,10129265458,08/24/2020,7
ER11,484056,10010979765,09/21/2019,128
ER15,156051,10011644514,07/02/2020,4
ER13,250032,10145962554,11/30/2018,110
ER11,484057,10119642947,12/22/2022,138
ER24,608006,10127406412,08/11/2020,56
ER32,616005,10127561150,04/04/2017,100
ER22,380002,10012682237,01/06/2019,9
ER24,608006,10104253140,01/27/2021,20
ER12,702096,10012199815,08/01/2018,29
ER32,616005,10110651149,04/18/2017,220
ER15,156047,10011644514,07/03/2020,3
ER13,250053,10011107963,08/11/2020,122
ER24,608006,10120245204,03/16/2019,190
ER15,156067,10011129320,10/16/2018,26
ER24,608006,10013780283,03/01/2021,11
ER13,250013,10011107963,08/07/2020,17
ER13,250019,10134196382,07/11/2022,33
ER32,616005,10014517190,11/04/2020,7
ER15,156057,10115162838,11/24/2018,15
ER11,484058,10014307190,12/22/2017,203
ER12,702096,10014105865,10/24/2018,19
ER24,356015,10126426307,12/10/2022,135
ER19,724025,10122801728,01/17/2021,3
ER33,250001,10012247329,06/23/2019,13
ER23,380003,10011147808,03/02/2020,8
ER13,250009,10001497343,08/30/2017,21
ER11,484085,10013121615,02/25/2022,480
ER37,360006,10014364818,06/27/2020,8
ER13,250054,10116714815,12/10/2019,67
ER24,356015,10132193537,05/09/2018,3
ER13,250051,10011107963,08/03/2020,9
ER15,156030,10012422906,12/31/2021,11
ER32,203002,10144071444,12/14/2019,11
ER11,484057,10013475542,06/23/2020,154
ER13,250038,10001081224,06/10/2017,117
ER13,100007,10107325965,11/13/2018,289
ER13,250009,10145321278,06/26/2018,116
ER24,356015,10116943452,03/23/2021,57
ER24,356015,10132214157,05/13/2017,74
ER19,250018,10128863045,09/23/2019,165
ER15,156068,10012277378,07/01/2021,6
ER24,608006,10145315418,09/30/2020,148
ER15,156038,10012881473,10/06/2021,33
ER31,276001,10013945386,04/11/2018,6
ER11,484085,10138832230,07/30/2022,258
ER24,608006,10141913676,06/27/2018,103
ER13,428069,10111087553,01/09/2020,13
ER13,250013,10010673254,06/16/2021,47
ER13,348065,10117336738,04/07/2017,77
ER11,484056,10011016746,10/31/2021,99
ER24,356015,10129613711,09/20/2018,19
ER13,100007,10109085962,01/05/2022,129
ER13,250051,10014790868,09/05/2018,282
ER23,380003,10014658329,11/19/2021,3
ER15,156067,10147433521,11/26/2020,165
ER29,276001,10013663332,06/26/2020,8
ER39,752002,10149491249,04/06/2017,61
ER15,156030,10109104432,10/07/2019,6
ER13,250009,10126131196,06/11/2019,22
ER13,250054,10128366819,03/27/2022,63
ER13,250021,10117336738,03/23/2017,142
ER13,348065,10127411846,07/21/2018,6
ER24,608006,10014781901,12/10/2021,77
ER13,250052,10131914287,12/07/2017,106
ER39,208005,10014825547,07/10/2020,15
ER15,156067,10014169606,06/09/2020,5
ER11,840082,10128783991,06/18/2019,213
ER12,702096,10010264365,03/02/2022,45
ER13,250033,10105772890,02/16/2022,120
ER13,250053,10124594709,03/27/2021,165
ER23,380001,10012335804,12/23/2020,33
ER13,250009,10110651539,03/27/2019,45
ER24,608006,10137463508,08/08/2021,8
ER71,826008,10012536529,03/04/2020,15
ER24,356015,10128333833,02/05/2019,18
ER13,250009,10014244250,12/28/2020,75
ER13,250009,10111383335,03/08/2017,103
ER12,356044,10112402167,02/05/2022,157
ER24,608006,10107313287,03/17/2019,184
ER24,608006,10135543398,04/19/2019,41
ER13,250032,10108332532,03/01/2020,43
ER24,356015,10013073632,03/25/2020,142
ER24,356015,10109055264,08/27/2021,50
ER24,608006,10143523149,05/22/2020,29
ER24,356015,10012346909,05/25/2020,143
ER32,616005,10011513107,08/28/2020,35
ER33,250001,10001006628,02/09/2022,36
ER24,608006,10143063466,07/15/2017,61
ER19,724022,10010911637,04/05/2017,49
ER13,348065,10138961696,10/28/2020,15
ER13,250032,10143621758,04/12/2017,8
ER12,356072,10107402462,08/20/2017,79
ER19,250018,10014646293,03/12/2022,5
ER15,156030,10012206300,04/19/2019,37
ER13,250033,10014790868,09/11/2018,379
ER32,616005,10001271497,10/20/2019,28
ER13,250009,10112811564,10/03/2019,336
ER24,356016,10131451873,12/05/2021,13
ER23,380001,10010024278,08/14/2022,20
ER11,484056,10011459760,05/22/2022,140
ER11,840071,10011459760,05/22/2022,228
ER13,250037,10117336738,04/02/2017,122
ER13,250054,10134442278,05/28/2017,64
ER12,702096,10012336890,06/27/2017,22
ER13,250009,10128063773,04/24/2019,108
ER23,380002,10010602718,06/06/2017,30
ER13,250053,10147723134,02/16/2018,147
ER11,484058,10135831911,05/03/2021,129
ER23,380001,10001314410,03/20/2022,18
ER70,792021,10010540835,05/11/2022,34
ER15,156051,10012037290,07/17/2017,25
ER24,608006,10144703435,12/03/2021,7
ER13,250015,10129265458,08/19/2020,8
ER13,250024,10131304274,01/16/2020,65
ER71,826008,10010990673,01/12/2020,22
ER13,250035,10117336738,03/31/2017,133
ER11,484058,10014210277,04/18/2018,162
ER39,578010,10013542760,11/01/2021,5
ER11,484058,10012058228,10/15/2019,157
ER13,250022,10117336738,03/30/2017,176
ER32,203002,10113941585,04/23/2020,96
ER14,056015,10013512770,04/09/2017,5
ER70,792021,10001422377,12/01/2019,16
ER13,250032,10128232084,07/23/2021,38
ER11,484058,10011002609,08/15/2018,662
ER11,484056,10144921689,09/24/2019,87
ER13,250052,10145521850,01/05/2023,108
ER13,250032,10010581899,03/08/2020,23
ER15,156031,10012579417,04/25/2022,39
ER11,484058,10119642947,12/30/2022,92
ER14,056015,10013479352,03/30/2020,138
ER12,702099,10137971061,11/20/2021,16
ER13,250053,10147802097,01/05/2019,157
ER11,484058,10132371535,03/13/2022,144
ER13,250052,10106611929,08/16/2022,119
ER13,250018,10140444444,05/09/2019,142
ER71,826016,10010990673,01/24/2020,6
ER13,250018,10117336738,03/30/2017,194
ER13,250009,10001075296,06/16/2017,21
ER13,250013,10149983349,03/24/2019,114
ER13,250033,10001107991,12/24/2019,16
ER32,203002,10123511208,12/12/2021,195
ER11,484085,10146821459,02/28/2022,138
ER13,250013,10107401267,12/23/2018,6
ER13,428069,10124216741,10/27/2022,12
ER13,250009,10148471325,10/06/2019,15
ER11,484058,10010915763,12/14/2019,248
ER12,356031,10011763151,11/21/2021,92
ER13,250013,10138836211,12/13/2019,32
ER14,056015,10012567347,07/06/2022,145
ER39,208006,10013542760,10/22/2021,6
ER24,608006,10147903828,12/22/2021,7
ER23,380003,10010024278,08/18/2022,21
ER13,250021,10146937092,08/11/2017,316
ER11,840071,10013121615,01/31/2022,333
ER13,250033,10147802097,12/14/2018,140
ER24,356015,10139993385,02/20/2022,5
ER15,156050,10133081106,11/02/2022,14
ER11,840082,10010973877,12/19/2018,121
ER13,250053,10111383335,03/06/2017,96
ER13,250054,10145021635,04/11/2021,118
ER13,348065,10013659126,11/27/2021,71
ER21,616002,10013199741,06/02/2017,23
ER11,484056,10132371535,03/26/2022,74
ER35,276001,10010282267,01/19/2021,18
ER15,156029,10014914395,03/02/2021,5
ER13,250022,10125541032,04/09/2020,89
ER11,484085,10014210277,05/06/2018,292
ER11,840071,10011866492,08/30/2019,183
ER19,724023,10132111850,02/12/2020,104
ER24,608006,10146603910,12/26/2020,7
ER71,826008,10014753196,08/27/2022,61
ER29,276001,10010168327,10/26/2021,8
ER15,156063,10012219307,05/16/2022,18
ER11,484085,10132094021,03/09/2018,134
ER11,484058,10120151416,02/12/2019,110
ER12,702096,10012333860,09/01/2022,18
ER11,484081,10136691855,08/17/2019,53
ER35,276001,10012735556,04/16/2022,4
ER13,250009,10109651512,02/27/2018,150
ER13,250033,10011614241,05/10/2018,67
ER11,840082,10014210277,04/28/2018,100
ER13,250013,10105772890,02/13/2022,96
ER15,156051,10014064543,02/27/2018,101
ER24,356015,10128121705,05/31/2022,48
ER15,156063,10012467400,02/12/2017,43
ER13,250038,10102473076,01/11/2020,123
ER23,380003,10013372306,11/20/2021,1
ER11,840053,10014210277,04/20/2018,146
ER13,250020,10145021635,04/08/2021,50
ER11,484085,10014206612,03/08/2019,140
ER11,484085,10149871867,02/25/2017,94
ER13,250052,10138204433,10/24/2020,41
ER15,156051,10011424525,08/12/2017,9
ER37,704025,10115031666,10/15/2017,25
ER13,250013,10001075296,07/13/2017,47
ER15,156067,10123652825,06/06/2018,3
ER37,704025,10010279639,08/29/2021,9
ER37,764011,10012480380,04/28/2019,229
ER24,608006,10124893114,02/07/2021,62
ER37,764011,10010050590,07/31/2020,56
ER13,250038,10147802097,12/27/2018,78
ER70,792021,10013582480,05/05/2022,52
ER11,484085,10135771522,03/05/2018,275
ER11,840082,10001249616,11/09/2018,61
ER13,250053,10111391042,07/09/2019,20
ER15,156065,10012219307,05/04/2022,3
ER37,764011,10012990526,02/18/2020,56
ER12,356057,10139313504,08/27/2021,44
ER12,356044,10141541924,02/21/2022,177
ER71,826008,10117271423,01/14/2021,20
ER13,250012,10120134704,02/13/2018,43
ER13,250038,10143992181,11/01/2019,38
ER13,250021,10140486126,04/19/2018,77
ER15,156067,10142523529,10/18/2022,10
ER24,608006,10149055160,12/13/2017,5
ER32,203002,10107231509,01/17/2023,60
ER13,250038,10112161856,07/07/2022,261
ER13,250009,10137332651,05/31/2019,22
ER13,250013,10001275846,08/26/2020,5
ER11,840053,10126512612,05/01/2021,158
ER13,250052,10011363778,03/13/2020,43
ER37,360007,10135181385,05/23/2018,42
ER11,484085,10011459760,05/26/2022,477
ER15,156031,10014669397,12/10/2018,51
ER11,484056,10120002444,11/12/2017,122
ER13,250009,10001107991,12/22/2019,13
ER23,380003,10012199287,12/29/2018,6
ER13,250054,10140323775,06/17/2020,78
ER11,484085,10013986759,02/03/2021,287
ER15,156067,10014460571,03/13/2020,8
ER13,250050,10116762536,04/20/2018,125
ER15,156044,10147961676,02/17/2018,75
ER13,348063,10014084150,03/14/2020,25
ER11,840071,10149871867,02/11/2017,67
ER11,840053,10132371535,03/27/2022,62
ER15,156051,10102181904,08/03/2020,2
ER13,250018,10014084150,03/13/2020,33
ER23,380001,10000146787,02/26/2018,58
ER11,484085,10010973877,12/18/2018,150
ER13,250038,10001075296,07/03/2017,20
ER15,156066,10105821061,06/11/2019,176
ER15,156066,10013833827,06/05/2021,10
ER24,356015,10139094255,02/16/2021,8
ER11,484085,10120002444,11/14/2017,241
ER11,484081,10011266616,12/13/2020,278
ER13,250009,10128582648,05/29/2018,81
ER24,608006,10127216386,09/26/2021,140
ER13,250009,10138204433,10/27/2020,102
ER24,608006,10110684645,12/22/2022,17
ER13,250013,10125327696,12/20/2020,51
ER24,608006,10128121705,05/10/2022,39
ER13,250054,10120321495,12/22/2017,50
ER13,250038,10136665560,07/02/2022,150
ER13,250018,10149821746,03/08/2018,8
ER11,840080,10145334981,12/25/2019,61
ER13,250032,10120134704,02/04/2018,157
ER15,156044,10010976642,07/16/2020,1
ER11,484081,10146821459,02/15/2022,137
ER13,250050,10014790868,09/04/2018,129
ER11,840082,10146821459,02/28/2022,118
ER13,250022,10131063474,01/08/2021,8
ER13,100007,10117336738,04/05/2017,75
ER32,203002,10125321447,02/17/2018,23
ER24,356015,10145315418,09/30/2020,9
ER15,156066,10014669397,12/23/2018,48
ER37,360006,10014176567,03/27/2019,110
ER11,484057,10013821124,11/07/2021,79
ER13,348065,10109651512,02/19/2018,24
ER15,156030,10014569561,06/21/2019,27
ER13,250018,10118342050,01/09/2022,51
ER13,348065,10132443895,11/27/2017,7
ER13,250038,10145604155,03/25/2022,113
ER13,250052,10148471325,10/13/2019,15
ER13,250009,10130021356,05/06/2019,11
ER12,702096,10119041071,06/12/2021,14
ER15,156051,10125771076,11/06/2018,9
ER13,250020,10011559788,07/08/2019,19
ER23,380001,10014584789,08/25/2022,74
ER13,250038,10014132487,12/12/2017,52
ER11,484058,10011617665,12/09/2022,136
ER11,484085,10109181894,01/25/2018,80
ER23,380001,10001423056,05/02/2022,9
ER15,156068,10013002806,01/04/2022,1
ER13,100007,10133837195,10/30/2018,68
ER12,702096,10135871830,06/07/2022,10
ER24,608006,10118773274,11/21/2017,28
ER15,156043,10117163942,06/06/2017,23
ER12,356044,10127663032,04/29/2021,64
ER13,250020,10014360852,08/03/2019,114
ER11,840053,10146821459,02/24/2022,105
ER12,356044,10107101873,12/29/2017,185
ER13,250009,10127701351,05/04/2022,123
ER11,484058,10011459760,05/29/2022,103
ER13,250038,10141862875,04/02/2020,31
ER15,156063,10010257414,01/04/2023,63
ER11,484085,10144921689,09/28/2019,203
ER12,356031,10105212109,08/04/2017,22
ER11,840071,10141732270,06/18/2018,60
ER36,348001,10012169299,12/13/2019,24
ER32,616005,10013321978,02/04/2017,17
ER11,840082,10118421652,05/31/2017,74
ER13,250022,10112782367,12/12/2017,120
ER13,250052,10109651512,02/20/2018,141
ER13,250022,10110122812,03/15/2022,127
ER15,156030,10101821551,08/30/2017,8
ER13,250018,10131063474,12/29/2020,31
ER24,356015,10147903828,12/12/2021,12
ER12,356044,10012549146,09/18/2022,479
ER15,156068,10011839303,12/27/2018,6
ER13,250053,10107713406,08/18/2022,13
ER20,840081,10107712791,09/07/2022,21
ER13,250018,10012472627,04/25/2019,31
ER19,724023,10014435687,12/18/2018,3
ER11,840080,10013055951,04/24/2019,211
ER13,100007,10116174778,07/01/2018,31
ER13,250050,10100734995,04/11/2021,32
ER19,724023,10010050952,02/17/2018,79
ER24,356015,10126983258,08/05/2022,53
ER11,840080,10014033220,12/04/2021,163
ER32,616005,10014731108,03/06/2020,28
ER12,356031,10127663032,04/30/2021,67
ER15,156031,10010257414,01/03/2023,50
ER13,250022,10010417933,02/15/2019,39
ER15,156030,10011839303,12/26/2018,13
ER11,484085,10135831911,04/29/2021,96
ER13,250013,10116762536,04/09/2018,35
ER71,826018,10108211411,01/20/2017,6
ER15,156013,10131581608,06/10/2018,3
ER15,156029,10012467400,02/18/2017,48
ER13,250051,10106611929,08/16/2022,138
ER13,250050,10148471325,10/27/2019,8
ER15,156067,10113262268,07/30/2018,2
ER13,250038,10107482696,01/17/2021,71
ER13,250038,10106611929,08/30/2022,17
ER12,356044,10001486747,11/19/2022,84
ER13,348065,10107482696,01/13/2021,25
ER11,840079,10014736909,08/02/2020,34
ER39,752001,10105561271,12/16/2017,30
ER11,484058,10010665758,11/09/2017,132
ER13,250051,10125541032,04/10/2020,51
ER11,840080,10146821459,02/18/2022,63
ER13,250033,10120321495,12/14/2017,88
ER37,704025,10116511474,11/26/2020,22
ER13,348065,10142133518,11/30/2022,42
ER13,250020,10148471325,10/29/2019,7
ER12,356044,10013653147,01/02/2018,146
ER13,250009,10108731268,06/26/2020,13
ER11,484058,10010979765,09/29/2019,145
ER11,484058,10146821459,02/27/2022,126
ER13,250038,10127701351,04/25/2022,57
ER13,348065,10012986687,01/07/2020,18
ER12,356044,10101454249,05/17/2017,141
ER13,250050,10117866753,04/02/2018,36
ER13,250038,10012723799,05/29/2017,58
ER15,156031,10105821061,06/23/2019,29
ER13,250033,10140323775,06/06/2020,33
ER19,724023,10138882313,08/15/2017,3
ER13,250021,10013677886,03/27/2021,371
ER11,484085,10010979765,09/22/2019,161
ER13,250022,10010539947,01/04/2021,23
ER13,100007,10103165100,09/26/2019,19
ER13,250020,10136291300,02/05/2018,107
ER13,250032,10148471325,10/24/2019,9
ER11,840053,10011866492,09/03/2019,36
ER12,702097,10012860764,04/24/2021,46
ER11,484085,10014127744,03/20/2020,114
ER12,356044,10103951379,05/10/2020,128
ER13,250018,10130421994,04/30/2021,103
ER12,356044,10011763151,12/02/2021,26
ER15,156043,10011035305,08/04/2021,34
ER12,702096,10138471413,06/19/2019,8
ER13,250022,10010975725,12/12/2019,27
ER15,156063,10134732455,05/05/2018,12
ER11,840073,10011866492,08/18/2019,27
ER15,156063,10135161966,07/27/2021,6
ER11,840080,10111951831,01/28/2021,152
ER11,840080,10014950938,08/09/2017,104
ER13,250013,10110415154,09/07/2017,75
ER11,840071,10010979765,10/07/2019,33
ER13,250052,10112811564,10/03/2019,62
ER11,484081,10132371535,03/16/2022,47
ER32,616005,10014860975,10/06/2022,64
ER12,702096,10128001209,04/26/2018,6
ER13,348065,10132975812,03/13/2021,11
ER13,250038,10130021356,05/02/2019,13
ER11,840080,10146281389,12/09/2020,83
ER13,250022,10115292717,04/29/2020,54
ER13,250038,10139062685,02/05/2018,75
ER15,156063,10105821061,06/22/2019,32
ER15,156043,10131581608,06/09/2018,6
ER13,250020,10146937092,08/01/2017,328
ER13,250021,10133641149,12/12/2017,48
ER11,484058,10011266616,12/28/2020,36
ER13,250020,10113666768,05/18/2022,4
ER15,156043,10109104432,09/30/2019,4
ER11,484081,10013896330,02/07/2021,85
ER13,250040,10117336738,04/02/2017,24
