ERP,PLANT,VENDOR,INVOIC,INVOICE CREATED
ER37,360006,10012911323,08/26/2018,103
ER37,360006,10010007334,11/23/2022,132
ER37,360006,10013241319,11/08/2022,28
ER37,360006,10014756553,05/04/2021,116
ER37,360006,10011287264,08/07/2018,60
ER37,360006,10014143341,01/18/2018,106
ER37,360006,10012533573,04/15/2022,61
ER37,360006,10139811293,12/19/2020,67
ER37,360007,10010245784,01/03/2019,215
ER37,360006,10014648364,03/08/2017,65
ER24,608006,10140483877,10/17/2020,2901
ER37,360006,10014725262,09/20/2018,18
ER37,360006,10011435633,11/02/2022,49
ER37,360006,10011653265,03/15/2022,23
ER37,360007,10129811444,12/04/2020,118
ER37,360007,10014467679,01/29/2022,49
ER24,608006,10109513131,07/11/2018,1270
ER33,250001,10010038272,11/29/2017,230
ER24,356015,10102423511,08/13/2017,1728
ER12,036002,10013624555,02/01/2018,21
ER37,360007,10011063467,02/11/2022,149
ER37,360006,10013568764,10/23/2018,12
ER24,608006,10142163521,07/04/2021,3279
ER37,360007,10110481991,03/20/2020,38
ER24,356015,10121813561,12/30/2019,930
ER33,250001,10011982169,12/05/2018,307
ER13,250009,10117336738,04/13/2017,1463
ER16,818003,10013964242,01/31/2020,74
ER37,360006,10120151495,06/15/2018,14
ER71,826016,10013821492,09/30/2021,452
ER24,608006,10149463483,11/02/2021,38
ER24,356015,10129533612,07/14/2018,386
ER11,840071,10013475542,07/16/2020,702
ER24,356015,10101993464,09/26/2017,947
ER24,608006,10114723284,05/04/2021,1828
ER15,156045,10135293316,07/01/2018,192
ER24,356015,10109513131,07/23/2018,599
ER70,792024,10012621814,03/08/2020,103
ER24,356015,10141283133,10/23/2017,578
ER24,608006,10135224300,06/05/2020,1194
ER16,818003,10001333130,12/22/2020,537
ER24,608006,10106593280,10/26/2020,520
ER35,276001,10010162623,05/07/2018,134
ER37,704025,10013475988,08/22/2021,868
ER15,156067,10123321626,02/18/2017,13
ER15,156067,10011260548,07/09/2018,21
ER13,348061,10010334101,05/05/2022,181
ER37,704025,10010546985,08/12/2022,1061
ER15,156067,10100332426,10/19/2017,10
ER24,356015,10107503530,08/15/2019,484
ER71,826016,10001486651,05/15/2021,332
ER37,360006,10013861837,06/28/2020,13
ER70,792024,10001490964,12/26/2018,67
ER15,156046,10122032218,01/26/2020,41
ER24,356015,10118276231,06/03/2018,288
ER24,356015,10124573657,07/11/2017,791
ER24,608006,10139094255,02/26/2021,596
ER16,818003,10013190168,06/14/2017,76
ER24,608006,10141733350,11/13/2021,426
ER15,156067,10122822808,01/25/2021,13
ER15,156068,10010979604,04/26/2021,77
ER15,156046,10110372187,07/02/2021,17
ER37,360006,10011948281,04/13/2018,18
ER71,826016,10010544573,09/02/2019,166
ER32,203002,10134951582,04/22/2017,987
ER13,250009,10114934092,11/26/2017,249
ER15,156067,10010427580,08/03/2019,40
ER24,608006,10127534517,12/11/2020,755
ER37,360006,10014476282,08/04/2017,13
ER24,608006,10125044567,06/10/2018,33
ER19,724037,10010482103,09/05/2020,189
ER11,840071,10013853908,01/08/2023,761
ER19,724037,10107831831,03/17/2019,92
ER24,356015,10136653837,11/22/2019,492
ER37,704025,10010824984,07/06/2017,105
ER24,356015,10114966377,01/03/2020,240
ER15,156050,10135293316,06/21/2018,39
ER13,428069,10134713776,09/12/2022,23
ER29,276001,10013497504,04/26/2017,471
ER24,608006,10131451873,12/22/2021,27
ER24,608006,10117453992,01/11/2021,49
ER13,428069,10117336738,04/05/2017,365
ER13,428069,10127107516,01/11/2018,184
ER13,250033,10113224813,10/27/2020,373
ER13,250009,10123741797,01/05/2018,122
ER11,484058,10013475542,07/02/2020,337
ER13,428069,10116367383,05/29/2017,34
ER24,608006,10119473872,07/29/2019,744
ER13,250054,10117336738,04/14/2017,317
ER13,250053,10105772890,03/03/2022,936
ER15,156067,10122863710,07/18/2022,58
ER72,356061,10111901118,01/02/2021,62
ER71,826008,10013821492,09/20/2021,434
ER11,840071,10010915763,12/21/2019,1839
ER15,156067,10110153497,03/10/2019,11
ER12,036016,10013624555,01/29/2018,131
ER15,156067,10142971605,10/18/2022,11
ER13,250013,10142562297,02/05/2020,648
ER13,250054,10113224813,11/03/2020,294
ER24,356015,10102905284,11/12/2021,290
ER24,356015,10149733694,07/02/2017,313
ER11,840071,10012058228,10/11/2019,671
ER24,608006,10145873723,07/18/2018,2455
ER24,608006,10122213384,02/19/2021,910
ER15,156067,10148402769,03/17/2020,31
ER24,608006,10122813356,08/12/2022,312
ER37,360006,10011107294,06/13/2020,25
ER13,250033,10117336738,04/08/2017,371
ER13,250033,10107085056,05/30/2020,234
ER32,203002,10124331342,06/30/2022,50
ER24,608006,10109763729,01/05/2022,320
ER15,156047,10135293316,07/09/2018,15
ER24,608006,10102266206,01/14/2020,279
ER13,250024,10131914287,12/02/2017,417
ER11,484056,10146821459,03/02/2022,349
ER15,156036,10135293316,06/20/2018,10
ER15,156051,10012936428,06/12/2020,40
ER24,356015,10148653143,03/07/2022,181
ER15,156067,10011644514,07/26/2020,10
ER70,682012,10133092321,10/09/2021,93
ER13,250020,10104021835,02/21/2021,1289
ER70,792021,10012621814,02/18/2020,97
ER24,608006,10148653143,03/17/2022,799
ER24,608006,10106825841,01/16/2019,300
ER13,250053,10117336738,04/07/2017,304
ER24,608006,10107503530,08/24/2019,129
ER13,250020,10117336738,04/23/2017,311
ER32,203002,10113271195,09/23/2018,917
ER37,704025,10012086994,03/10/2019,23
ER11,484081,10014073337,08/26/2022,119
ER15,156047,10100321688,12/23/2022,56
ER24,356066,10126436482,12/24/2021,123
ER24,608006,10144204346,10/02/2022,573
ER72,356055,10111901118,12/27/2020,38
ER13,250013,10126131196,06/21/2019,34
ER13,348061,10136194170,10/01/2017,42
ER19,724025,10010911637,04/20/2017,663
ER37,704025,10134131427,11/06/2020,182
ER13,250015,10001081224,06/08/2017,84
ER13,428069,10131157517,05/01/2019,297
ER32,203002,10132811429,11/18/2019,19
ER24,608006,10112903383,03/25/2018,505
ER13,040005,10123413327,01/22/2021,8
ER24,356015,10127784405,07/22/2021,162
ER15,156013,10012219307,06/05/2022,20
ER24,608006,10011230446,01/22/2022,145
ER19,724037,10014318438,01/17/2020,65
ER24,356015,10141123292,12/23/2017,40
ER15,156067,10105191718,12/14/2017,15
ER15,156067,10012936428,06/17/2020,26
ER11,484058,10013121615,02/10/2022,1423
ER24,356015,10139611079,06/11/2021,68
ER16,818001,10001333130,12/01/2020,203
ER12,702097,10128761985,09/07/2021,33
ER13,250015,10110202107,05/26/2018,196
ER71,826016,10014753196,09/11/2022,200
ER23,380003,10012335804,01/10/2021,25
ER34,040001,10011832180,01/27/2021,7
ER15,156057,10013935373,09/06/2022,31
ER24,608006,10106075859,05/11/2017,381
ER24,608006,10106796015,12/01/2021,587
ER15,156057,10010404687,11/18/2019,11
ER37,704025,10014115987,11/09/2017,111
ER13,250026,10126131196,06/14/2019,164
ER34,040001,10012540165,02/28/2021,10
ER13,250032,10118342050,01/18/2022,75
ER13,250032,10134196382,07/27/2022,81
ER28,484001,10012466151,02/16/2022,1412
ER13,250009,10013832732,08/27/2022,421
ER24,608006,10116943452,04/06/2021,140
ER24,608006,10122413158,10/09/2021,200
ER37,360006,10010348344,11/04/2022,19
ER13,250032,10118245078,06/11/2017,66
ER71,826016,10012907204,12/05/2021,125
ER13,348061,10123741797,01/29/2018,21
ER24,356015,10106825841,01/08/2019,20
ER15,156051,10013499549,05/25/2021,598
ER15,156030,10136871332,01/04/2020,40
ER11,484056,10011002609,08/22/2018,507
ER24,356015,10146603910,01/14/2021,40
ER24,356016,10109513131,07/25/2018,99
ER71,826008,10129481727,04/14/2017,399
ER15,156010,10013935373,09/07/2022,8
ER12,356044,10129903266,12/19/2017,414
ER31,276007,10000122813,02/19/2018,76
ER15,156047,10001018260,12/04/2021,58
ER13,250013,10117336738,03/26/2017,350
ER13,250019,10117336738,04/26/2017,110
ER13,250009,10123413327,01/17/2021,47
ER13,250015,10102473076,01/19/2020,57
ER13,428069,10134442278,06/11/2017,26
ER12,392076,10014666830,08/20/2020,93
ER19,250018,10102803030,11/03/2022,94
ER11,484085,10014073337,08/27/2022,130
ER15,156050,10100321688,12/26/2022,14
ER13,250016,10142572867,12/09/2018,19
ER13,250026,10105772890,02/27/2022,63
ER15,156046,10115483155,02/22/2019,26
ER21,616002,10012445883,04/16/2017,83
ER13,250019,10118245078,06/05/2017,52
ER33,250001,10001214691,01/27/2020,154
ER13,250051,10117336738,04/05/2017,284
ER13,250052,10117336738,04/19/2017,295
ER24,356065,10126436482,12/03/2021,97
ER15,156010,10012219307,05/26/2022,12
ER35,276001,10010744606,05/17/2018,60
ER31,276002,10011488209,11/10/2022,90
ER13,250032,10117336738,04/19/2017,321
ER12,702097,10115611135,08/22/2022,64
ER24,356065,10014183357,05/13/2022,148
ER24,608006,10149743340,07/01/2021,226
ER37,704025,10120551769,11/16/2020,75
ER71,826016,10011435139,02/01/2020,218
ER24,608006,10128363857,09/17/2017,96
ER24,608006,10107353427,02/08/2023,260
ER37,360006,10117211630,02/20/2017,14
ER13,250009,10001081224,07/08/2017,380
ER11,484058,10014073337,09/16/2022,78
ER15,156067,10010979604,04/04/2021,68
ER18,756001,10001010422,03/05/2022,10
ER33,250001,10012273206,02/14/2018,29
ER15,156050,10001018260,11/28/2021,43
ER39,208006,10014825547,07/12/2020,20
ER11,840071,10120151416,02/18/2019,91
ER24,608006,10132685988,08/23/2021,348
ER37,360006,10141261202,08/06/2020,147
ER24,840008,10141823710,03/10/2021,44
ER24,356015,10129081081,03/05/2019,207
ER15,156051,10123673692,02/24/2020,8
ER24,608006,10110142311,08/13/2018,78
ER31,276004,10001211890,02/03/2020,118
ER19,724034,10013836848,08/31/2018,30
ER14,276003,10112812788,03/27/2017,93
ER13,250024,10142572867,11/30/2018,67
ER13,250053,10001196247,12/28/2021,304
ER24,356015,10011230446,01/23/2022,128
ER24,608006,10141176326,12/18/2017,386
ER16,818001,10010570154,03/12/2017,332
ER11,840071,10001249616,11/22/2018,101
ER24,356015,10115433725,02/07/2021,146
ER13,250033,10113314814,11/10/2017,176
ER71,826018,10001486651,05/13/2021,37
ER13,348063,10012607441,03/14/2021,79
ER24,608006,10139993385,03/20/2022,10
ER15,156051,10010979604,03/26/2021,20
ER15,156067,10012037290,07/26/2017,86
ER37,704025,10129241880,10/20/2022,61
ER23,380004,10011594547,06/28/2020,30
ER11,840053,10014073337,09/13/2022,72
ER15,156031,10103071822,04/11/2022,30
ER32,203002,10118281513,05/30/2021,46
ER24,608006,10147473155,06/27/2022,322
ER13,100007,10128354493,09/25/2019,45
ER24,356015,10123926202,03/08/2022,13
ER35,276001,10001247655,12/05/2018,30
ER24,608006,10012346909,06/19/2020,256
ER13,250054,10113314814,10/19/2017,175
ER71,826020,10129481727,04/17/2017,100
ER15,156051,10011882544,02/03/2018,15
ER15,156067,10123673692,03/08/2020,10
ER11,484085,10011002609,08/26/2018,779
ER19,724037,10014786454,04/18/2021,57
ER15,156031,10011839303,12/31/2018,26
ER19,724023,10010911637,04/10/2017,403
ER13,250009,10115401739,06/27/2020,134
ER24,608006,10132214157,05/27/2017,248
ER13,250009,10143992181,11/09/2019,83
ER15,156068,10013935373,09/05/2022,18
ER15,156067,10102351286,02/07/2022,15
ER37,764011,10012370377,02/13/2020,431
ER15,156031,10136871332,12/30/2019,15
ER24,608006,10010101392,09/12/2017,59
ER13,250032,10124432276,06/15/2021,174
ER24,356015,10101304227,11/13/2019,12
ER13,250015,10117336738,05/02/2017,65
ER13,250038,10117336738,04/17/2017,677
ER23,380003,10012240889,08/17/2018,152
ER33,250001,10000137591,07/03/2021,24
ER24,356015,10125044567,06/24/2018,12
ER15,156065,10137823684,04/12/2019,17
ER13,250009,10106611929,08/17/2022,48
ER24,528061,10127863903,10/05/2022,25
ER71,826008,10011435139,01/21/2020,95
ER32,203002,10120811375,05/04/2019,38
ER13,250033,10118801965,07/03/2019,72
ER15,156051,10147433521,12/01/2020,31
ER13,100007,10106543682,06/28/2019,110
ER24,608006,10132193537,05/05/2018,125
ER24,608006,10101993464,09/30/2017,11
ER19,724035,10013836848,09/02/2018,26
ER24,840002,10141823710,03/07/2021,14
ER23,380003,10011140736,03/07/2018,11
ER33,250001,10012404258,08/22/2020,12
ER24,528057,10127863903,10/09/2022,28
ER24,356016,10148653143,03/12/2022,67
ER24,608006,10128413545,04/30/2021,121
ER24,356065,10114966377,01/14/2020,45
ER15,156068,10012037290,07/21/2017,46
ER13,250022,10112411275,03/02/2017,36
ER13,428069,10107887540,07/07/2022,116
ER13,348065,10109655566,01/12/2019,28
ER15,156067,10111401705,02/28/2020,13
ER13,250019,10118342050,01/30/2022,33
ER14,056015,10106742031,01/08/2021,21
ER31,276007,10001028693,04/27/2018,56
ER13,250050,10117336738,04/08/2017,85
ER24,608078,10148653143,03/02/2022,32
ER13,250051,10128395511,03/22/2020,120
ER32,203002,10114011188,04/14/2022,51
ER13,250013,10102473076,01/24/2020,55
ER11,484085,10124812409,12/14/2022,407
ER19,724023,10111142678,03/17/2017,38
ER31,276005,10013285470,09/16/2020,14
ER23,380001,10001350428,12/10/2020,28
ER11,484058,10120002444,11/14/2017,388
ER11,840071,10147661775,06/06/2019,102
ER37,764011,10010210406,01/22/2019,866
ER32,203002,10137131206,10/13/2019,21
ER11,840084,10013853908,12/26/2022,57
ER12,702096,10010381855,05/27/2022,68
ER11,484056,10010979765,10/04/2019,114
ER13,250032,10145962554,12/16/2018,121
ER11,484057,10119642947,12/22/2022,92
ER13,250016,10121772916,05/29/2017,24
ER31,276001,10011488209,11/08/2022,21
ER24,608006,10127406412,08/16/2020,46
ER32,616005,10127561150,04/04/2017,73
ER22,380002,10012682237,01/15/2019,11
ER24,608006,10104253140,01/30/2021,20
ER12,702096,10012199815,08/18/2018,29
ER32,616005,10110651149,04/24/2017,245
ER13,250053,10011107963,08/12/2020,112
ER24,608006,10120245204,03/29/2019,211
ER15,156067,10011129320,10/26/2018,26
ER24,608006,10013780283,03/08/2021,15
ER13,250013,10011107963,08/08/2020,17
ER13,250019,10134196382,07/30/2022,22
ER32,616005,10014517190,11/10/2020,11
ER15,156057,10115162838,12/04/2018,11
ER11,484058,10014307190,12/27/2017,203
ER12,702096,10014105865,10/26/2018,14
ER24,356015,10126426307,12/23/2022,135
ER31,276005,10001211890,01/23/2020,24
ER15,156043,10001307626,12/25/2022,14
ER33,250001,10012247329,06/27/2019,12
ER13,250009,10001497343,09/14/2017,19
ER11,484085,10013121615,03/07/2022,528
ER13,250054,10116714815,12/19/2019,89
ER11,840071,10014073337,08/31/2022,20
ER13,250051,10011107963,08/22/2020,9
ER15,156030,10012422906,12/31/2021,10
ER32,203002,10144071444,12/31/2019,16
ER11,484057,10013475542,07/06/2020,169
ER13,250038,10001081224,06/22/2017,105
ER13,100007,10107325965,11/20/2018,241
ER13,250009,10145321278,06/26/2018,128
ER13,250033,10118245078,06/19/2017,10
ER24,356015,10116943452,03/31/2021,64
ER24,356015,10132214157,05/26/2017,84
ER11,840084,10012058228,11/05/2019,27
ER24,250055,10134401230,04/06/2017,23
ER19,250018,10128863045,10/09/2019,165
ER24,608006,10145315418,09/30/2020,166
ER15,156038,10012881473,10/24/2021,36
ER11,076010,10000124379,06/18/2017,27
ER11,484085,10138832230,08/09/2022,309
ER24,608006,10141913676,07/16/2018,114
ER13,428069,10111087553,01/25/2020,18
ER13,250019,10120741599,11/25/2018,26
ER13,250013,10010673254,06/27/2021,39
ER13,348065,10117336738,04/22/2017,103
ER11,484056,10011016746,11/07/2021,90
ER13,100007,10109085962,01/16/2022,178
ER13,250051,10014790868,09/16/2018,235
ER24,250055,10114765396,11/22/2021,14
ER15,156067,10147433521,12/03/2020,150
ER39,752002,10149491249,04/12/2017,54
ER11,840082,10014073337,08/29/2022,21
ER13,250009,10126131196,06/29/2019,24
ER13,250020,10120741599,11/26/2018,32
ER13,250021,10117336738,03/29/2017,171
ER15,156009,10140001218,12/12/2020,10
ER24,608006,10014781901,12/13/2021,77
ER13,250052,10131914287,12/13/2017,94
ER13,250014,10117336738,03/30/2017,23
ER39,208005,10014825547,07/29/2020,14
ER11,840082,10128783991,07/07/2019,213
ER12,702096,10010264365,03/16/2022,30
ER13,250033,10105772890,02/19/2022,180
ER24,356065,10010005565,08/14/2020,87
ER13,250053,10124594709,04/05/2021,120
ER23,380001,10012335804,12/23/2020,33
ER13,250009,10110651539,04/03/2019,45
ER15,156066,10135992145,08/25/2017,30
ER71,826008,10012536529,03/13/2020,14
ER24,356015,10128333833,02/25/2019,18
ER13,250009,10014244250,12/28/2020,91
ER13,250009,10111383335,03/20/2017,86
ER12,356044,10112402167,02/22/2022,157
ER24,608006,10107313287,03/18/2019,230
ER24,608006,10135543398,05/03/2019,45
ER13,250032,10108332532,03/01/2020,35
ER24,356015,10013073632,04/14/2020,116
ER24,356066,10010005565,08/23/2020,32
ER24,356015,10109055264,09/11/2021,40
ER24,608006,10143523149,06/04/2020,23
ER24,356015,10012346909,06/09/2020,156
ER24,356065,10105086472,09/07/2019,17
ER11,484058,10133583291,09/02/2021,24
ER13,250016,10010673254,06/15/2021,12
ER32,616005,10011513107,09/14/2020,29
ER33,250001,10001006628,02/13/2022,27
ER19,724024,10010911637,04/15/2017,20
ER24,608006,10143063466,08/04/2017,49
ER19,724022,10010911637,04/25/2017,49
ER13,348065,10138961696,11/17/2020,13
ER13,250032,10143621758,04/16/2017,10
ER12,356072,10107402462,09/09/2017,66
ER24,608078,10109513131,08/04/2018,26
ER13,250033,10014790868,09/14/2018,284
ER32,616005,10001271497,10/31/2019,28
ER13,250009,10112811564,10/15/2019,336
ER24,356016,10131451873,12/17/2021,17
ER23,380001,10010024278,08/22/2022,27
ER11,484056,10011459760,06/04/2022,128
ER11,840084,10013475542,07/18/2020,21
ER11,840071,10011459760,05/25/2022,182
ER13,250037,10117336738,04/09/2017,122
ER24,356065,10135026480,03/27/2018,39
ER12,702096,10012336890,07/16/2017,22
ER13,250009,10128063773,05/01/2019,72
ER11,484056,10118421652,06/03/2017,41
ER19,170006,10110853333,06/18/2017,14
ER20,250013,10126654118,04/10/2017,25
ER13,250053,10147723134,03/05/2018,122
ER11,484058,10135831911,05/23/2021,97
ER13,250024,10013832732,08/29/2022,26
ER23,380001,10001314410,04/09/2022,18
ER70,792021,10010540835,05/14/2022,34
ER15,156051,10012037290,08/06/2017,30
ER13,250024,10102473076,01/12/2020,25
ER13,250054,10118801965,07/10/2019,28
ER24,608006,10144703435,12/04/2021,8
ER13,250024,10131304274,02/04/2020,59
ER71,826008,10010990673,02/01/2020,29
ER13,250035,10117336738,04/14/2017,183
ER11,484058,10014210277,04/20/2018,182
ER11,484058,10012058228,11/04/2019,189
ER13,250022,10117336738,04/01/2017,132
ER32,203002,10113941585,04/23/2020,76
ER70,792021,10001422377,12/09/2019,16
ER24,608039,10127863903,10/08/2022,13
ER24,250056,10134401230,04/13/2017,15
ER13,250032,10128232084,08/04/2021,32
ER11,484058,10011002609,08/23/2018,662
ER11,484056,10144921689,10/13/2019,87
ER13,250052,10145521850,01/10/2023,108
ER13,250032,10010581899,03/23/2020,28
ER15,156031,10012579417,05/10/2022,47
ER11,484058,10119642947,01/09/2023,92
ER24,356015,10142163521,07/03/2021,17
ER24,356016,10127784405,07/19/2021,14
ER14,056015,10013479352,04/09/2020,166
ER12,702099,10137971061,12/05/2021,14
ER13,250053,10147802097,01/17/2019,141
ER11,484058,10132371535,03/31/2022,157
ER13,250052,10106611929,09/05/2022,89
ER13,250018,10140444444,05/13/2019,106
ER13,250018,10117336738,04/06/2017,267
ER13,250009,10001075296,06/22/2017,17
ER11,484056,10013475542,06/29/2020,26
ER15,156043,10013004306,12/03/2022,13
ER13,250013,10149983349,03/24/2019,153
ER13,250033,10001107991,01/13/2020,16
ER24,250056,10149365451,02/05/2018,8
ER13,348061,10013832732,09/12/2022,11
ER32,203002,10123511208,12/18/2021,244
ER11,484085,10146821459,03/16/2022,172
ER24,356016,10149055160,12/28/2017,7
ER13,428069,10124216741,10/28/2022,10
ER13,250020,10128063773,04/14/2019,23
ER13,250009,10148471325,10/15/2019,13
ER11,484058,10010915763,12/31/2019,223
ER12,356031,10011763151,12/02/2021,92
ER13,250013,10138836211,12/30/2019,32
ER14,056015,10012567347,07/09/2022,145
ER23,380003,10010024278,09/01/2022,23
ER71,826001,10129481727,04/22/2017,23
ER13,250021,10146937092,08/22/2017,348
ER11,840071,10013121615,02/02/2022,363
ER13,250033,10147802097,12/20/2018,126
ER13,250020,10111383335,03/06/2017,23
ER15,156050,10133081106,11/07/2022,15
ER11,840082,10010973877,12/31/2018,133
ER13,250053,10111383335,03/18/2017,77
ER13,250054,10145021635,04/13/2021,157
ER13,348065,10013659126,12/14/2021,65
ER15,156030,10012219307,05/21/2022,10
ER13,250033,10145962554,11/25/2018,18
ER21,616002,10013199741,06/06/2017,25
ER11,484056,10132371535,04/04/2022,74
ER35,276001,10010282267,01/31/2021,16
ER15,156030,10103071822,04/01/2022,23
ER13,250022,10125541032,04/21/2020,99
ER11,484085,10014210277,05/11/2018,292
ER11,840071,10011866492,09/17/2019,166
ER19,724023,10132111850,02/19/2020,155
ER71,826008,10014753196,09/05/2022,56
ER29,276001,10010168327,11/05/2021,7
ER15,156063,10012219307,06/01/2022,15
ER24,356065,10122536474,05/14/2022,18
ER24,608078,10120245204,03/13/2019,10
ER11,484085,10132094021,03/21/2018,134
ER11,484058,10120151416,02/26/2019,98
ER12,702096,10012333860,09/14/2022,12
ER13,250009,10109651512,03/09/2018,183
ER13,250033,10011614241,05/17/2018,82
ER11,840082,10014210277,05/16/2018,109
ER13,643081,10102473076,01/23/2020,20
ER11,840065,10011266616,01/12/2021,38
ER13,250013,10105772890,02/26/2022,87
ER15,156051,10014064543,03/15/2018,101
ER15,156063,10012467400,03/04/2017,43
ER13,250038,10102473076,01/12/2020,150
ER13,250024,10128631521,12/03/2018,9
ER11,484085,10014206612,03/23/2019,171
ER11,484085,10149871867,03/14/2017,106
ER13,250052,10138204433,11/13/2020,31
ER29,276001,10011392431,09/21/2022,13
ER13,250013,10001075296,07/19/2017,42
ER37,764011,10012480380,04/28/2019,191
ER24,608006,10124893114,02/23/2021,78
ER24,356066,10014183357,05/14/2022,37
ER13,250038,10147802097,01/15/2019,94
ER13,250033,10001081224,06/19/2017,26
ER70,792021,10013582480,05/24/2022,59
ER11,484085,10135771522,03/21/2018,300
ER11,840082,10001249616,11/26/2018,92
ER13,250053,10111391042,07/10/2019,13
ER13,250020,10001081224,06/19/2017,15
ER37,764011,10012990526,02/23/2020,56
ER12,702096,10133191070,07/16/2017,21
ER31,276004,10011429916,04/17/2017,28
ER12,356044,10141541924,03/12/2022,157
ER71,826008,10117271423,01/29/2021,22
ER33,250001,10013792217,01/16/2021,16
ER15,156067,10011970641,05/18/2022,11
ER11,840084,10147661775,06/18/2019,17
ER13,250012,10120134704,02/26/2018,32
ER13,250038,10143992181,11/02/2019,38
ER15,156067,10142523529,10/23/2022,10
ER24,608006,10126814007,03/22/2018,43
ER32,203002,10107231509,02/06/2023,45
ER12,392076,10012770774,08/02/2020,14
ER16,818001,10013190168,06/12/2017,12
ER31,276002,10001028693,04/23/2018,23
ER35,276001,10014442620,01/31/2021,14
ER13,250038,10112161856,07/07/2022,313
ER13,250009,10137332651,06/05/2019,24
ER11,840053,10126512612,05/12/2021,115
ER13,250052,10011363778,03/30/2020,32
ER13,250020,10115292717,05/03/2020,28
ER71,826008,10107521138,03/13/2018,31
ER19,170006,10105622721,03/19/2017,20
ER11,484085,10011459760,06/15/2022,477
ER15,156031,10014669397,12/18/2018,56
ER11,484056,10120002444,11/23/2017,111
ER13,250009,10001107991,01/09/2020,16
ER13,250051,10120741599,12/07/2018,34
ER13,250032,10120741599,12/18/2018,34
ER12,356053,10014498898,07/30/2018,16
ER11,484085,10013986759,02/20/2021,261
ER13,250050,10116762536,05/10/2018,125
ER15,156044,10147961676,02/20/2018,75
ER13,348063,10014084150,03/27/2020,18
ER11,840071,10149871867,03/03/2017,59
ER13,250032,10143674117,03/07/2018,23
ER35,276001,10014809224,07/06/2020,36
ER13,250052,10111383335,03/08/2017,23
ER33,250001,10014404359,06/22/2018,21
ER13,250018,10014084150,03/27/2020,33
ER23,380001,10000146787,03/07/2018,42
ER11,484085,10010973877,12/18/2018,109
ER13,250038,10001075296,07/19/2017,20
ER15,156066,10105821061,06/14/2019,211
ER24,356015,10139094255,03/01/2021,8
ER11,484085,10120002444,11/15/2017,201
ER11,484081,10011266616,12/14/2020,247
ER13,250009,10128582648,06/07/2018,122
ER13,250054,10146313294,04/12/2022,38
ER13,250033,10134442278,05/25/2017,11
ER13,250009,10138204433,10/27/2020,93
ER24,608006,10110684645,12/28/2022,11
ER13,348064,10117336738,04/07/2017,32
ER71,826018,10103511778,04/19/2022,26
ER11,840082,10132094021,04/07/2018,20
ER32,203002,10128981445,06/01/2017,15
ER70,792021,10001167247,12/13/2017,9
ER13,250038,10136665560,07/17/2022,100
ER13,250018,10149821746,03/12/2018,7
ER11,840080,10145334981,01/03/2020,61
ER13,250013,10014244250,01/21/2021,13
ER13,250050,10014244250,01/12/2021,12
ER31,276002,10011666917,08/03/2017,14
ER13,250032,10120134704,02/13/2018,126
ER11,484081,10146821459,02/17/2022,125
ER13,250050,10014790868,09/04/2018,108
ER11,840082,10146821459,03/13/2022,118
ER13,250022,10131063474,01/11/2021,10
ER13,100007,10117336738,04/13/2017,84
ER32,203002,10125321447,02/20/2018,25
ER15,156066,10014669397,01/10/2019,48
ER11,484056,10014127744,04/11/2020,28
ER24,608006,10116923132,09/27/2022,13
ER37,360006,10014176567,04/14/2019,100
ER11,484057,10013821124,11/25/2021,72
ER15,156030,10014569561,07/06/2019,41
ER13,250018,10118342050,01/11/2022,37
ER13,250038,10145604155,04/02/2022,113
ER13,250052,10148471325,11/01/2019,12
ER13,250009,10130021356,05/22/2019,11
ER19,724023,10012163155,04/03/2020,13
ER31,276002,10012049932,02/10/2018,27
ER19,724023,10134042323,01/12/2021,14
ER32,203002,10129661527,10/26/2017,7
ER13,250015,10142617024,07/03/2020,11
ER13,250020,10011559788,07/22/2019,16
ER23,380001,10014584789,09/05/2022,59
ER13,250015,10106611929,08/27/2022,14
ER24,608006,10133524237,05/18/2019,11
ER13,348063,10138893519,11/21/2017,24
ER13,250033,10128232084,07/14/2021,19
ER13,348063,10117336738,04/15/2017,22
ER13,250038,10014132487,12/18/2017,78
ER11,484058,10011617665,12/18/2022,99
ER11,484085,10109181894,02/07/2018,80
ER23,380001,10001423056,05/14/2022,10
ER13,100007,10133837195,11/01/2018,45
ER12,702096,10135871830,06/19/2022,10
ER24,608006,10118773274,11/24/2017,23
ER11,840071,10132371535,03/27/2022,20
ER31,276004,10011488209,11/11/2022,21
ER13,250054,10011614241,05/17/2018,19
ER24,250056,10116175435,03/24/2018,14
ER11,484058,10011866492,09/07/2019,26
ER15,156043,10117163942,06/18/2017,34
ER12,356044,10127663032,05/07/2021,53
ER13,250020,10014360852,08/14/2019,142
ER11,840053,10146821459,03/08/2022,96
ER37,764011,10013895422,08/30/2017,14
ER13,250054,10128232084,07/17/2021,14
ER13,250013,10147802097,12/10/2018,20
ER12,356044,10107101873,01/07/2018,168
ER13,250009,10127701351,05/04/2022,100
ER11,484058,10011459760,06/09/2022,113
ER13,250013,10139342320,01/26/2023,37
ER24,356015,10120245204,03/20/2019,13
ER37,764011,10134731770,06/06/2019,14
ER13,250038,10141862875,04/14/2020,39
ER15,156063,10010257414,01/06/2023,56
ER11,484085,10144921689,10/08/2019,152
ER12,356031,10105212109,08/14/2017,25
ER11,840071,10141732270,06/23/2018,54
ER36,348001,10012169299,12/29/2019,21
ER32,616005,10013321978,02/19/2017,17
ER11,840082,10118421652,06/18/2017,67
ER13,250015,10116762536,04/30/2018,17
ER24,356015,10131044256,10/20/2018,16
ER13,250015,10143674117,03/12/2018,15
ER13,250019,10137791958,11/21/2021,16
ER13,250022,10112782367,12/23/2017,144
ER13,250052,10109651512,03/04/2018,106
ER13,250022,10110122812,03/26/2022,114
ER13,250018,10131063474,01/13/2021,23
ER19,724023,10110881680,07/24/2021,12
ER11,840082,10013475542,07/03/2020,27
ER19,724023,10132332266,05/04/2018,20
ER37,764011,10011107294,07/02/2020,20
ER13,250024,10014244250,01/22/2021,8
ER24,356015,10117715249,05/09/2018,23
ER12,356044,10012549146,09/28/2022,439
ER13,250053,10107713406,09/04/2022,11
ER13,250018,10012472627,05/01/2019,37
ER12,702096,10012770774,08/13/2020,9
ER13,348065,10128582648,05/23/2018,20
ER13,250051,10010417933,02/11/2019,13
ER13,250051,10001081224,06/12/2017,16
ER12,410081,10011648887,03/13/2022,15
ER11,840080,10013055951,05/14/2019,192
ER13,100007,10116174778,07/15/2018,33
ER13,250053,10143992181,11/17/2019,15
ER13,250033,10134196382,08/02/2022,12
ER13,250015,10127701351,05/07/2022,8
ER13,250033,10140444444,04/29/2019,19
ER13,250021,10145032845,11/03/2017,29
ER13,250033,10001075296,07/11/2017,11
ER13,250026,10107482696,01/25/2021,10
ER11,840080,10014033220,12/21/2021,163
ER32,616005,10014229972,12/14/2021,42
ER15,156051,10014989937,07/27/2020,37
ER13,250021,10108476782,05/24/2022,21
ER13,250032,10139062685,02/14/2018,25
ER13,428069,10011614241,05/29/2018,11
ER15,156029,10130032440,02/10/2023,11
ER13,250053,10120321495,12/18/2017,24
ER13,250054,10147381860,07/11/2019,27
ER15,156031,10101821551,09/13/2017,17
ER19,724023,10012651717,06/12/2017,18
ER12,356031,10127663032,05/07/2021,44
ER15,156031,10010257414,01/17/2023,50
ER13,250022,10010417933,03/02/2019,26
ER15,156030,10011839303,01/01/2019,16
ER11,484085,10135831911,05/18/2021,96
ER13,250013,10116762536,04/11/2018,29
ER31,276005,10001028693,04/19/2018,32
ER11,484058,10014127744,04/14/2020,29
ER24,608006,10137623481,05/24/2020,17
ER15,156044,10012260707,03/29/2022,20
ER13,250021,10134217131,11/12/2021,26
ER13,250050,10145521850,02/03/2023,25
ER13,250032,10103823237,11/18/2018,16
ER15,156029,10012467400,03/08/2017,36
ER13,250051,10106611929,09/01/2022,127
ER13,250050,10148471325,11/04/2019,9
ER23,380001,10013113708,01/15/2023,23
ER13,250009,10139062685,02/17/2018,9
ER13,428069,10146313294,04/06/2022,25
ER12,356051,10107402462,08/22/2017,21
ER13,250050,10147802097,01/11/2019,15
ER20,250013,10119895050,01/01/2018,18
ER13,250038,10106611929,09/07/2022,19
ER12,356044,10001486747,12/03/2022,126
ER13,348065,10107482696,01/17/2021,22
ER13,250022,10011363778,03/31/2020,18
ER39,752001,10105561271,12/17/2017,27
ER13,250054,10106293502,03/21/2018,23
ER13,250019,10124432276,06/11/2021,27
ER13,250038,10013660607,11/27/2020,10
ER11,840082,10013821124,11/14/2021,21
ER14,056015,10013382353,07/17/2021,28
ER13,250052,10128063773,04/29/2019,19
ER23,380003,10001193845,03/30/2019,7
ER11,840082,10149871867,02/26/2017,16
ER11,484058,10010665758,11/10/2017,181
ER13,250051,10125541032,04/29/2020,41
ER13,250050,10101261001,10/01/2019,8
ER13,250050,10112782367,12/21/2017,34
ER31,276005,10000122813,02/18/2018,26
ER13,250038,10117866753,04/27/2018,30
ER37,704025,10134191868,04/02/2021,32
ER23,380003,10012124743,12/08/2018,17
ER13,250033,10109361187,12/26/2019,25
ER24,608006,10126983258,08/08/2022,11
ER12,356035,10107402462,08/26/2017,19
ER24,356015,10010058857,05/13/2019,10
ER12,356044,10013653147,01/04/2018,195
ER13,250020,10013255127,10/24/2022,30
ER13,250018,10011952591,01/14/2020,36
ER24,608006,10111325777,05/24/2021,19
ER11,840082,10126512612,05/01/2021,30
ER70,792021,10001194514,04/18/2022,18
ER23,380001,10011015699,07/01/2017,14
ER12,356072,10011763151,12/06/2021,14
ER13,250018,10140486126,04/13/2018,17
ER23,380004,10013946690,01/25/2021,10
ER11,484058,10010979765,10/06/2019,199
ER11,484058,10146821459,03/16/2022,84
ER15,156044,10011424525,08/06/2017,10
ER13,348065,10012986687,01/07/2020,22
ER13,250033,10014129148,04/25/2021,26
ER13,250032,10141862875,04/06/2020,12
ER13,250021,10011795662,09/09/2022,35
ER11,484081,10010979765,10/08/2019,38
ER13,250050,10139342320,01/31/2023,28
ER23,380003,10014071451,12/30/2020,9
ER13,250051,10014084150,03/28/2020,13
ER13,100007,10136291300,02/20/2018,19
ER13,250051,10136665560,06/30/2022,17
ER24,356015,10108885810,08/22/2019,25
ER11,840053,10118421652,06/09/2017,23
ER13,348063,10014129148,05/13/2021,12
ER11,484056,10124812409,11/28/2022,19
ER37,360007,10012191959,05/27/2020,11
ER31,276004,10014299473,05/14/2021,29
ER13,250033,10140323775,06/14/2020,49
ER13,250009,10131063474,01/06/2021,7
ER13,250009,10013660607,12/18/2020,13
ER32,616005,10014119958,07/17/2017,17
ER13,250009,10013659126,12/03/2021,23
ER13,250022,10013017261,07/17/2020,24
ER11,484057,10149871867,03/01/2017,20
ER33,250001,10000133805,12/22/2018,8
ER15,156051,10011994938,06/15/2022,15
ER13,250033,10111383335,03/05/2017,17
ER71,826020,10141681353,12/11/2022,20
ER13,250021,10013677886,03/29/2021,278
ER11,484085,10010979765,09/25/2019,108
ER13,250022,10010539947,01/18/2021,17
ER13,100007,10103165100,10/07/2019,14
ER13,250020,10136291300,02/24/2018,71
ER13,250032,10148471325,11/11/2019,7
ER13,250038,10133365063,10/25/2021,68
ER12,702097,10012860764,05/09/2021,46
ER12,702096,10010894822,01/07/2019,14
ER20,840002,10106452938,04/28/2021,17
ER11,484058,10136691855,08/18/2019,17
ER23,380001,10001477143,07/06/2020,13
ER13,250038,10140486126,05/03/2018,25
ER13,250038,10126185444,11/19/2018,27
ER37,764011,10012081647,08/21/2021,19
ER23,380001,10011142788,07/05/2022,16
ER11,484085,10014127744,04/04/2020,86
ER12,356044,10103951379,05/28/2020,128
ER13,250018,10130421994,05/20/2021,124
ER12,356044,10011763151,12/16/2021,26
ER15,156051,10014188398,05/09/2021,10
ER32,203002,10135811415,08/01/2022,33
ER13,348063,10136291300,02/09/2018,34
ER71,826001,10011435139,01/24/2020,32
ER32,616005,10012504988,07/05/2017,21
ER13,250021,10142617024,06/29/2020,17
ER15,156030,10014252304,01/04/2022,8
ER39,208006,10116701400,03/29/2019,8
ER71,826008,10012907204,11/15/2021,18
ER15,156043,10011035305,08/06/2021,34
ER23,380001,10013546782,06/28/2017,25
ER11,840073,10011866492,09/05/2019,24
ER11,484056,10011266616,01/07/2021,52
ER13,250020,10101261001,10/15/2019,11
ER11,840082,10001496573,10/08/2022,20
ER13,100007,10125541032,05/02/2020,26
ER18,458002,10012015293,03/22/2021,25
ER19,724023,10014783310,01/06/2019,22
ER13,100007,10013255127,10/24/2022,29
ER15,156043,10014252304,12/29/2021,18
ER13,250050,10013255127,11/03/2022,24
ER13,250021,10107482696,01/30/2021,20
ER13,250032,10010417933,03/02/2019,12
ER13,250013,10122722203,09/14/2022,9
ER13,250053,10139062685,03/07/2018,20
ER13,250038,10108302537,03/10/2018,29
ER13,250020,10000136485,03/20/2018,24
ER13,250038,10102551070,12/01/2020,26
ER13,250038,10149762560,02/19/2017,10
ER11,840082,10011016746,11/28/2021,24
ER13,250052,10116762536,04/25/2018,20
ER32,616005,10120911016,08/16/2019,17
ER13,250009,10116762536,04/22/2018,11
ER32,203002,10126781537,02/10/2022,14
ER12,356031,10012549146,10/01/2022,43
ER23,380001,10012519882,06/15/2020,14
ER15,156051,10011260548,06/28/2018,8
ER11,840080,10013896330,02/11/2021,34
ER13,250013,10013659126,12/08/2021,18
ER31,276005,10014299473,04/27/2021,14
ER11,840080,10111951831,02/13/2021,209
ER11,840080,10014950938,08/28/2017,85
ER12,702096,10011385862,12/17/2021,12
ER13,250018,10128582648,06/05/2018,25
ER32,203002,10145151345,03/08/2017,15
ER11,840080,10108761435,12/22/2017,25
ER13,250050,10104021835,03/01/2021,18
ER13,250022,10014360852,08/06/2019,15
ER13,250018,10013255127,10/27/2022,18
ER15,156051,10012260707,04/12/2022,10
ER13,250038,10109622818,09/26/2019,16
ER13,250020,10116762536,04/24/2018,7
ER13,250022,10120134704,02/14/2018,19
ER13,250009,10122602620,06/08/2019,9
ER11,840071,10010979765,10/14/2019,37
ER13,250052,10112811564,10/08/2019,70
ER32,616005,10013323987,05/03/2022,15
ER13,348065,10132975812,03/21/2021,13
ER13,250022,10128232084,07/23/2021,14
ER13,250033,10139062685,02/09/2018,23
ER13,250013,10128421310,01/01/2019,30
ER13,348063,10013659126,12/13/2021,24
ER13,250050,10100202825,03/24/2019,9
ER13,250013,10014247615,07/04/2020,22
ER11,484085,10102491859,10/03/2020,20
ER13,100007,10013437229,08/10/2019,15
ER13,250038,10130021356,05/03/2019,16
ER11,840080,10146281389,12/15/2020,60
ER13,250038,10128582648,05/13/2018,25
ER13,250038,10010417933,03/12/2019,9
ER11,840080,10102491859,10/24/2020,36
ER13,250018,10146634719,03/08/2018,13
ER11,840082,10000104531,04/01/2018,23
ER12,356044,10011486138,05/08/2017,13
ER13,250038,10130471884,02/04/2022,23
ER19,724025,10134042323,12/31/2020,15
ER11,840079,10011151534,07/13/2021,15
ER11,840080,10149871867,03/03/2017,23
ER13,250022,10011559788,06/30/2019,23
ER23,380001,10001193845,03/08/2019,8
ER11,484085,10116483489,12/12/2019,13
ER23,380001,10014262779,03/26/2018,13
ER13,250038,10139062685,02/24/2018,91
ER13,250038,10146513635,11/04/2019,31
ER11,840082,10012058228,10/07/2019,18
ER13,250013,10102551070,12/02/2020,17
ER13,250052,10132842458,10/23/2019,15
ER15,156051,10014449921,09/15/2020,12
ER12,356053,10121863417,06/21/2021,16
ER11,840053,10010979765,09/25/2019,16
ER31,276004,10010392424,12/20/2017,14
ER13,250050,10117733145,07/20/2022,16
ER13,250033,10112742468,05/18/2017,16
ER11,484058,10013986759,02/15/2021,24
ER13,250020,10146513635,11/05/2019,25
ER13,250022,10133365063,11/05/2021,21
ER13,250038,10011952591,01/22/2020,22
ER37,764011,10124751307,04/27/2018,14
ER13,250009,10123851390,02/15/2018,19
ER11,840080,10116483489,11/26/2019,12
ER13,100007,10138893519,12/03/2017,14
ER13,250053,10013832732,09/06/2022,14
ER13,250022,10100734995,03/28/2021,12
ER12,356057,10132821623,05/24/2019,13
ER23,380001,10014948711,10/14/2022,13
ER24,608006,10142925145,06/02/2020,167
ER13,250020,10124773229,12/04/2017,29
ER23,380001,10010277762,01/24/2019,9
ER13,250038,10146937092,08/25/2017,22
ER12,356031,10138834144,04/03/2018,14
ER13,250039,10117336738,04/01/2017,15
ER13,250018,10117866753,04/23/2018,19
ER13,250020,10146937092,08/10/2017,300
ER11,484085,10000104531,03/20/2018,22
ER23,380001,10011439696,07/22/2021,15
ER13,250050,10011952591,01/02/2020,17
ER12,356044,10001057325,03/11/2020,16
ER11,484081,10013896330,02/13/2021,102
ER15,156002,10012881473,10/22/2021,12
ER15,156002,10010979604,03/26/2021,20
ER15,156002,10010404687,10/27/2019,15
ER15,156002,10013758336,06/29/2017,12
ER15,156002,10013076309,09/12/2022,12
ER15,156002,10011809644,10/01/2019,12
ER13,250040,10133365063,10/11/2021,11
