ERP,PLANT,NBR MATERIALS
ER01,124001,1790
ER02,124001,3253
ER03,124001,2189
ER04,840001,4965
ER05,840001,7018
ER07,840001,5430
ER08,840001,1305
ER09,840001,6814
ER10,840001,3517
ER11,032001,26
ER11,032002,2195
ER11,032003,12
ER11,032004,8
ER11,076007,1
ER11,076008,421
ER11,076009,2
ER11,076010,4306
ER11,076011,1693
ER11,076012,109
ER11,076015,3
ER11,076017,436
ER11,076018,25
ER11,124019,38
ER11,124020,36
ER11,124021,19
ER11,124022,20
ER11,152023,11
ER11,152024,230
ER11,152028,622
ER11,188029,2
ER11,188031,1
ER11,484034,20
ER11,484036,33
ER11,484037,25
ER11,484039,24
ER11,484040,11
ER11,484041,20
ER11,484043,14
ER11,484044,16
ER11,484046,41
ER11,484048,46
ER11,484056,8080
ER11,484057,1030
ER11,484058,5320
ER11,484081,1551
ER11,484085,2338
ER11,484096,22
ER11,840050,9
ER11,840051,15
ER11,840052,6
ER11,840053,2297
ER11,840055,44
ER11,840061,14
ER11,840062,362
ER11,840063,89
ER11,840064,56
ER11,840065,1478
ER11,840067,18
ER11,840068,14
ER11,840069,22
ER11,840070,1
ER11,840071,8913
ER11,840072,178
ER11,840073,1556
ER11,840074,3
ER11,840079,492
ER11,840080,1162
ER11,840082,1589
ER11,840083,2357
ER11,840084,1043
ER11,840086,6
ER11,840090,393
ER11,840091,1
ER11,840092,6
ER11,840093,668
ER11,840098,17
ER11,840099,155
ER11,840100,6
ER11,840101,32
ER11,840102,1
ER11,840103,172
ER11,840104,74
ER11,840105,4
ER11,840106,294
ER12,#N/A,50
ER12,036001,12
ER12,036002,7501
ER12,036003,1173
ER12,036004,595
ER12,036005,808
ER12,036006,288
ER12,036007,6
ER12,036008,117
ER12,036010,7
ER12,036011,3
ER12,036012,1
ER12,036015,16
ER12,036016,3688
ER12,036017,4116
ER12,036020,4
ER12,036021,110
ER12,036023,3
ER12,036025,1
ER12,144085,5
ER12,144086,1
ER12,356026,4
ER12,356028,20
ER12,356029,10
ER12,356031,2959
ER12,356032,1
ER12,356033,17
ER12,356034,184
ER12,356035,414
ER12,356038,1
ER12,356040,1
ER12,356041,67
ER12,356042,72
ER12,356043,25
ER12,356044,1882
ER12,356048,96
ER12,356051,305
ER12,356053,2710
ER12,356056,14161
ER12,356057,2022
ER12,356058,2484
ER12,356059,38
ER12,356060,3
ER12,356063,3483
ER12,356065,82
ER12,356067,11
ER12,356068,13
ER12,356069,171
ER12,356070,820
ER12,356071,8
ER12,356072,1246
ER12,392073,6
ER12,392074,43
ER12,392075,2
ER12,392076,919
ER12,392077,13
ER12,392078,64
ER12,410079,22
ER12,410081,1155
ER12,554088,2
ER12,554089,424
ER12,554091,281
ER12,702094,2
ER12,702095,6
ER12,702096,2588
ER12,702097,1269
ER12,702098,6
ER12,702099,6937
ER12,702100,6
ER12,702102,76
ER12,784049,40
ER13,040001,33
ER13,040003,845
ER13,040004,6
ER13,040005,3062
ER13,100006,7
ER13,100007,1324
ER13,112008,3
ER13,191056,4
ER13,191057,6
ER13,250009,8404
ER13,250010,176
ER13,250011,47
ER13,250012,758
ER13,250013,3197
ER13,250014,684
ER13,250015,3286
ER13,250016,3792
ER13,250017,159
ER13,250018,2250
ER13,250019,3241
ER13,250020,2674
ER13,250021,938
ER13,250022,1061
ER13,250023,1
ER13,250024,2556
ER13,250026,3251
ER13,250027,73
ER13,250029,1
ER13,250030,1129
ER13,250031,702
ER13,250032,3341
ER13,250033,5506
ER13,250034,7
ER13,250035,67
ER13,250037,73
ER13,250038,1861
ER13,250039,661
ER13,250040,743
ER13,250046,18
ER13,250049,5
ER13,250050,1000
ER13,250051,1401
ER13,250052,1670
ER13,250053,7275
ER13,250054,5213
ER13,348058,1
ER13,348059,8
ER13,348061,5481
ER13,348063,821
ER13,348064,104
ER13,348065,1365
ER13,398066,35
ER13,398068,8
ER13,428069,7173
ER13,642071,13
ER13,643074,2843
ER13,643077,5
ER13,643078,7
ER13,643080,225
ER13,643081,659
ER13,703085,13
ER13,705084,3
ER13,804091,9
ER14,056001,15
ER14,056014,1076
ER14,056015,703
ER14,056018,21
ER14,276003,1233
ER14,276005,177
ER14,276006,303
ER14,276007,88
ER14,276008,153
ER14,276009,1
ER14,528013,93
ER14,528017,141
ER14,528020,715
ER14,756010,293
ER14,756011,13
ER14,756012,62
ER15,156001,4
ER15,156002,306
ER15,156003,15
ER15,156004,3
ER15,156007,24497
ER15,156008,4852
ER15,156009,313
ER15,156010,9285
ER15,156011,21
ER15,156012,6813
ER15,156013,8539
ER15,156014,49
ER15,156029,2086
ER15,156030,1871
ER15,156031,1994
ER15,156035,3
ER15,156036,344
ER15,156037,114
ER15,156038,4461
ER15,156043,829
ER15,156044,5790
ER15,156045,5579
ER15,156046,3499
ER15,156047,2423
ER15,156048,6
ER15,156050,6777
ER15,156051,7711
ER15,156052,329
ER15,156053,92
ER15,156054,11187
ER15,156057,13045
ER15,156058,68
ER15,156061,175
ER15,156062,22
ER15,156063,671
ER15,156065,4494
ER15,156066,2015
ER15,156067,17882
ER15,156068,26013
ER15,156070,421
ER15,158055,71
ER15,158056,3
ER15,344034,7502
ER15,344039,315
ER15,344040,137
ER15,344041,40
ER16,818001,695
ER16,818002,48
ER16,818003,11959
ER16,818004,451
ER16,818005,59
ER17,756001,1774
ER18,458002,4032
ER18,756001,5085
ER19,012003,1
ER19,012004,456
ER19,170005,72
ER19,170006,1828
ER19,170007,724
ER19,170008,11
ER19,170009,17
ER19,170010,312
ER19,250018,5025
ER19,504019,2
ER19,504020,12
ER19,566001,39
ER19,604011,19
ER19,620038,14
ER19,620040,20
ER19,710013,3
ER19,710014,71
ER19,710015,212
ER19,710016,298
ER19,710017,598
ER19,724021,7
ER19,724022,513
ER19,724023,1428
ER19,724024,4982
ER19,724025,3577
ER19,724028,30
ER19,724033,44
ER19,724034,1577
ER19,724035,809
ER19,724036,1748
ER19,724037,10785
ER20,032032,2
ER20,076034,8
ER20,124019,2
ER20,124020,1
ER20,156006,2185
ER20,170042,2
ER20,250013,2018
ER20,356113,1
ER20,484023,68
ER20,840002,12636
ER20,840021,41
ER20,840022,5
ER20,840079,15
ER20,840081,158
ER20,840082,23
ER20,840084,2723
ER20,840085,1018
ER20,840087,3383
ER20,840151,6
ER21,250005,96
ER21,276006,32
ER21,380001,42
ER21,616002,1568
ER21,724007,1
ER21,752010,8
ER21,826009,76
ER21,840004,245
ER22,380001,42
ER22,380002,7090
ER22,380003,868
ER22,380004,505
ER22,380005,291
ER22,380006,34
ER22,380007,5
ER23,380001,1691
ER23,380002,1889
ER23,380003,3548
ER23,380004,2926
ER24,036047,131
ER24,036048,7
ER24,156012,6582
ER24,156013,261
ER24,156014,808
ER24,208060,61
ER24,250051,43
ER24,250055,2726
ER24,250056,2424
ER24,250058,154
ER24,250059,120
ER24,344045,11
ER24,356015,32359
ER24,356016,3865
ER24,356018,422
ER24,356019,41
ER24,356020,26
ER24,356021,78
ER24,356023,2
ER24,356025,6
ER24,356026,21
ER24,356029,17
ER24,356043,1
ER24,356065,2865
ER24,356066,1277
ER24,356068,16
ER24,372062,29
ER24,392050,78
ER24,458035,4
ER24,528057,612
ER24,528061,308
ER24,608006,38297
ER24,608034,10
ER24,608037,2
ER24,608039,362
ER24,608046,403
ER24,608077,29
ER24,608078,914
ER24,608083,19
ER24,608084,5
ER24,702038,1
ER24,704041,3
ER24,710054,19
ER24,724053,9
ER24,724075,205
ER24,764040,15
ER24,784032,201
ER24,784033,127
ER24,826031,6
ER24,826064,180
ER24,826086,15
ER24,840001,71
ER24,840002,516
ER24,840003,884
ER24,840005,60
ER24,840007,24
ER24,840008,719
ER24,840009,20
ER24,840010,33
ER24,840011,1766
ER24,840030,90
ER24,840044,1
ER24,840070,164
ER24,840074,182
ER24,840076,383
ER24,840079,22
ER24,840080,1858
ER24,840081,32
ER24,840082,59
ER24,840085,1
ER28,484001,7197
ER29,276001,2609
ER30,616001,14195
ER31,276001,2123
ER31,276002,753
ER31,276003,1476
ER31,276004,952
ER31,276005,1190
ER31,276006,72
ER31,276007,2696
ER32,203002,5075
ER32,203006,71
ER32,300001,53
ER32,376004,173
ER32,616003,80
ER32,616005,1291
ER32,616009,5259
ER32,688007,2
ER32,688008,64
ER33,250001,9250
ER34,040001,3142
ER35,276001,23189
ER35,276003,2146
ER36,348001,9770
ER37,360003,305
ER37,360004,13
ER37,360006,211018
ER37,360007,23653
ER37,360009,11
ER37,360010,15
ER37,458014,22
ER37,458015,4
ER37,608019,14
ER37,608021,1
ER37,702001,15
ER37,702002,20
ER37,704022,61
ER37,704023,4
ER37,704024,45
ER37,704025,6156
ER37,764011,1496
ER37,764012,3
ER37,764013,23
ER39,208005,548
ER39,208006,1600
ER39,208007,256
ER39,246011,85
ER39,246013,872
ER39,578008,28
ER39,578009,863
ER39,578010,752
ER39,752001,1660
ER39,752002,489
ER39,752003,11
ER39,752004,3346
ER39,752012,8
ER39,752016,581
ER41,792001,271
ER43,250001,208
ER48,840001,40
ER49,380001,194
ER51,076001,91
ER53,840001,73
ER56,616001,288
ER58,840001,141
ER60,156001,37
ER61,276001,193
ER61,380002,137
ER61,380003,233
ER65,840001,161
ER66,484001,300
ER66,484002,356
ER66,484003,134
ER66,484004,56
ER70,512007,59
ER70,586010,2077
ER70,586011,98
ER70,682012,1093
ER70,682013,23
ER70,682015,17
ER70,682019,154
ER70,682020,482
ER70,784001,719
ER70,784003,4
ER70,792021,3139
ER70,792022,207
ER70,792023,88
ER70,792024,13772
ER70,792025,1
ER70,792026,1
ER71,372030,8
ER71,826001,348
ER71,826002,4
ER71,826003,194
ER71,826004,924
ER71,826006,3660
ER71,826008,2281
ER71,826009,9
ER71,826010,472
ER71,826012,58
ER71,826013,2867
ER71,826015,278
ER71,826016,7927
ER71,826017,5
ER71,826018,3033
ER71,826019,1
ER71,826020,454
ER71,826021,240
ER71,826022,11
ER71,826023,31
ER71,826024,151
ER71,826025,9
ER71,826026,1
ER71,826027,24
ER71,826028,30
ER71,826029,6
ER72,356003,16
ER72,356005,407
ER72,356007,16
ER72,356008,34
ER72,356010,97
ER72,356012,7
ER72,356015,3
ER72,356016,276
ER72,356017,391
ER72,356018,95
ER72,356019,38
ER72,356020,12
ER72,356023,19
ER72,356024,39
ER72,356025,24
ER72,356027,27
ER72,356028,125
ER72,356029,5
ER72,356030,24
ER72,356031,9
ER72,356033,119
ER72,356035,14
ER72,356036,6
ER72,356038,23
ER72,356039,11
ER72,356043,1
ER72,356046,105
ER72,356048,32
ER72,356051,6
ER72,356052,9
ER72,356053,128
ER72,356055,4194
ER72,356056,2
ER72,356057,632
ER72,356058,703
ER72,356059,513
ER72,356060,871
ER72,356061,3126
ER72,356062,330
ER72,356063,154
ER72,356064,27
ER72,356065,133
ER72,356066,16
ER72,356068,1
ER72,356069,4
ER72,356070,14
ER72,356071,205
ER72,356073,41
ER72,356074,27
ER72,356076,433
ER72,356078,100
ER72,356080,11
ER72,356081,2
ER72,356082,3
ER72,356083,1086
ER72,356084,1
ER72,356085,17
ER72,356087,2040
ER72,356088,462
ER72,356090,57
ER72,356091,310
ER72,356092,30
ER72,356093,1
ER72,356094,1388
ER72,356095,92
ER72,356096,268
ER72,356097,22
ER72,356100,6
ER72,356103,381
ER72,356107,3
ER72,356108,4
ER72,356110,1
ER72,356116,1
ER72,356117,4009
ER72,356118,3718
ER72,356122,5799
ER72,356123,995
ER72,356124,1768
ER72,356125,77
ER72,356126,2614
ER72,356127,60
ER72,356129,2378
ER72,356130,1061
ER72,356131,463
ER72,356132,704
ER72,356133,36
ER72,356134,259
ER72,356135,515
ER72,356136,147
ER72,356137,325
ER72,356138,317
ER75,356001,382
ER75,356002,151
ER75,356003,306
ER75,356004,229
ER75,356005,55
ER75,356006,362
ER75,356007,277
ER75,356008,137
ER76,840001,646
