ERP,PLANT,VENDOR,ORDRSP,PO LINES ACKED
ER37,360006,10012911323,07/25/2018,1066
ER37,360006,10010007334,11/14/2022,676
ER37,360006,10013241319,11/03/2022,355
ER37,360006,10014756553,04/20/2021,460
ER37,360006,10011287264,07/11/2018,539
ER37,360006,10014143341,01/05/2018,168
ER37,360006,10012533573,04/06/2022,156
ER37,360006,10139811293,11/19/2020,178
ER37,360007,10010245784,12/05/2018,2244
ER37,360006,10014648364,02/16/2017,300
ER24,608006,10140483877,10/05/2020,3870
ER37,360006,10014725262,09/02/2018,86
ER37,360006,10011435633,10/22/2022,131
ER37,360006,10011653265,02/23/2022,296
ER37,360007,10129811444,11/10/2020,1258
ER37,360007,10014467679,01/04/2022,1090
ER24,608006,10109513131,07/07/2018,1229
ER33,250001,10010038272,11/28/2017,265
ER24,356015,10102423511,08/02/2017,2084
ER12,036002,10013624555,01/27/2018,192
ER37,360007,10011063467,01/15/2022,533
ER37,360006,10013568764,10/22/2018,121
ER24,608006,10142163521,06/17/2021,2223
ER37,360006,10119321856,12/10/2017,68
ER37,360006,10013403290,09/24/2020,35
ER37,360007,10110481991,03/05/2020,1459
ER24,356015,10121813561,12/12/2019,1472
ER37,360006,10010237688,08/03/2022,79
ER33,250001,10011982169,11/17/2018,1372
ER13,250009,10117336738,03/16/2017,1991
ER16,818003,10013964242,01/11/2020,1058
ER37,360006,10120151495,05/12/2018,226
ER71,826016,10013821492,09/04/2021,255
ER24,608006,10149463483,10/20/2021,1543
ER24,356015,10129533612,07/02/2018,1128
ER11,840071,10013475542,06/22/2020,866
ER24,356015,10101993464,09/14/2017,1187
ER24,608006,10114723284,04/25/2021,2226
ER15,156045,10135293316,06/15/2018,1586
ER24,356015,10109513131,07/13/2018,600
ER70,792024,10012621814,02/15/2020,2078
ER24,356015,10141283133,10/03/2017,775
ER24,608006,10135224300,05/20/2020,1364
ER15,156051,10011652673,02/18/2021,31
ER16,818003,10001333130,12/03/2020,251
ER24,608006,10106593280,10/26/2020,737
ER35,276001,10010162623,04/25/2018,87
ER19,724024,10129051657,08/04/2019,376
ER37,704025,10013475988,08/15/2021,1468
ER15,156067,10123321626,02/07/2017,357
ER19,724037,10113921662,10/21/2018,298
ER15,156067,10011260548,07/05/2018,438
ER13,348061,10010334101,04/19/2022,319
ER37,704025,10010546985,07/31/2022,1316
ER15,156067,10127391958,05/27/2021,131
ER15,156067,10100332426,10/02/2017,212
ER37,360006,10132361449,06/09/2021,56
ER24,356015,10107503530,07/22/2019,410
ER71,826016,10001486651,05/05/2021,1573
ER37,360006,10013861837,06/14/2020,67
ER70,792024,10001490964,12/01/2018,166
ER15,156046,10122032218,12/29/2019,329
ER24,356015,10118276231,05/05/2018,329
ER24,356015,10124573657,07/06/2017,436
ER24,608006,10139094255,01/31/2021,1047
ER37,360006,10013024300,10/15/2021,22
ER16,818003,10013190168,05/23/2017,101
ER37,360006,10013697366,03/04/2020,118
ER24,608006,10141733350,11/01/2021,1562
ER19,724025,10104181714,01/25/2022,658
ER15,156067,10122822808,01/13/2021,62
ER15,156068,10010979604,03/19/2021,266
ER15,156046,10110372187,06/27/2021,629
ER37,360006,10011948281,03/29/2018,56
ER71,826016,10010544573,08/18/2019,475
ER32,203002,10134951582,03/27/2017,1078
ER13,250009,10114934092,10/31/2017,957
ER15,156067,10010427580,08/01/2019,87
ER24,608006,10127534517,11/21/2020,789
ER37,360006,10014476282,07/27/2017,87
ER24,608006,10125044567,05/23/2018,71
ER19,724037,10010482103,08/04/2020,202
ER11,840071,10013853908,12/22/2022,501
ER19,724037,10107831831,03/09/2019,294
ER24,356015,10136653837,10/24/2019,426
ER37,704025,10010824984,06/30/2017,438
ER24,356015,10114966377,12/22/2019,262
ER15,156050,10135293316,06/05/2018,50
ER13,428069,10134713776,09/04/2022,462
ER29,276001,10013497504,03/30/2017,331
ER19,724037,10114401072,07/29/2021,114
ER24,608006,10131451873,12/12/2021,1044
ER36,348001,10001285580,12/03/2018,59
ER24,608006,10117453992,12/27/2020,544
ER13,428069,10117336738,03/27/2017,243
ER13,428069,10127107516,12/30/2017,131
ER13,250033,10113224813,10/26/2020,427
ER13,250009,10123741797,12/31/2017,789
ER11,484058,10013475542,06/11/2020,352
ER13,428069,10116367383,05/16/2017,170
ER24,608006,10119473872,07/18/2019,667
ER13,250054,10117336738,03/28/2017,217
ER13,250053,10105772890,02/06/2022,658
ER15,156067,10122863710,06/26/2022,97
ER72,356061,10111901118,12/12/2020,199
ER71,826008,10013821492,09/04/2021,622
ER11,840071,10010915763,11/28/2019,2414
ER15,156067,10110153497,02/24/2019,508
ER12,036016,10013624555,01/15/2018,110
ER15,156067,10142971605,10/12/2022,202
ER13,250013,10142562297,01/17/2020,790
ER13,250054,10113224813,10/21/2020,271
ER24,356015,10102905284,10/30/2021,454
ER24,356015,10149733694,06/03/2017,233
ER15,156054,10011809644,09/09/2019,85
ER11,840071,10012058228,09/27/2019,448
ER24,608006,10145873723,06/26/2018,1005
ER15,156057,10013002806,12/23/2021,272
ER24,608006,10122213384,01/22/2021,741
ER24,356015,10149463483,10/23/2021,427
ER37,360006,10010185618,07/15/2017,52
ER15,156067,10148402769,02/19/2020,78
ER24,608006,10122813356,07/28/2022,648
ER37,360006,10011107294,06/09/2020,96
ER15,156050,10119511862,11/23/2020,27
ER13,250033,10117336738,04/02/2017,438
ER15,156067,10011809644,09/05/2019,231
ER13,250033,10107085056,05/05/2020,208
ER32,203002,10124331342,06/23/2022,873
ER24,608006,10109763729,01/01/2022,932
ER15,156047,10135293316,06/09/2018,85
ER15,156051,10010976642,07/15/2020,18
ER15,156067,10136633258,03/09/2017,316
ER24,608006,10102266206,12/29/2019,589
ER13,250024,10131914287,11/30/2017,525
ER11,484056,10146821459,02/13/2022,186
ER15,156051,10012936428,06/13/2020,160
ER24,356015,10148653143,02/19/2022,205
ER37,360006,10013722792,03/02/2019,45
ER70,682012,10133092321,10/02/2021,177
ER15,156068,10011652673,02/23/2021,64
ER13,250020,10104021835,02/07/2021,1365
ER70,792021,10012621814,02/10/2020,595
ER24,608006,10148653143,02/16/2022,508
ER24,608006,10106825841,01/03/2019,196
ER13,250053,10117336738,03/29/2017,370
ER24,608006,10107503530,07/22/2019,330
ER13,250020,10117336738,04/04/2017,303
ER24,608006,10108505896,11/25/2020,30
ER32,203002,10113271195,09/03/2018,816
ER37,704025,10012086994,02/17/2019,756
ER11,484081,10014073337,08/21/2022,94
ER15,156047,10100321688,12/11/2022,761
ER24,356066,10126436482,11/23/2021,186
ER24,608006,10144204346,09/12/2022,793
ER72,356055,10111901118,12/15/2020,157
ER13,250013,10126131196,06/03/2019,541
ER13,348061,10136194170,10/04/2017,149
ER19,724025,10010911637,04/03/2017,426
ER37,704025,10134131427,10/31/2020,317
ER37,360006,10010725277,09/15/2021,22
ER13,250015,10001081224,05/30/2017,79
ER13,428069,10131157517,05/09/2019,258
ER32,203002,10132811429,10/21/2019,1193
ER15,156046,10127332241,02/25/2020,31
ER19,724025,10001309083,12/26/2019,250
ER24,608006,10112903383,02/27/2018,659
ER13,040005,10123413327,01/04/2021,69
ER19,724025,10116261711,06/05/2021,509
ER24,356015,10127784405,06/26/2021,111
ER24,608006,10011230446,01/05/2022,208
ER24,356016,10149463483,10/29/2021,57
ER19,724037,10014318438,12/22/2019,47
ER24,356015,10141123292,12/05/2017,152
ER15,156067,10105191718,11/25/2017,100
ER15,156067,10012936428,06/11/2020,85
ER11,484058,10013121615,01/29/2022,1509
ER24,356015,10139611079,05/22/2021,103
ER16,818001,10001333130,12/13/2020,148
ER12,702097,10128761985,08/25/2021,323
ER13,250015,10110202107,05/18/2018,129
ER37,360006,10012805682,12/13/2020,42
ER71,826016,10014753196,08/20/2022,362
ER23,380003,10012335804,12/13/2020,310
ER34,040001,10011832180,12/21/2020,60
ER15,156057,10013935373,08/19/2022,133
ER19,724037,10127301069,07/23/2021,85
ER24,608006,10106075859,04/14/2017,300
ER24,608006,10106796015,11/17/2021,333
ER15,156057,10010404687,10/28/2019,154
ER11,484056,10014073337,08/18/2022,58
ER19,724037,10133691074,07/30/2021,100
ER37,704025,10014115987,10/23/2017,627
ER13,250026,10126131196,06/01/2019,190
ER34,040001,10012540165,02/18/2021,59
ER13,250032,10118342050,01/03/2022,538
ER13,250032,10134196382,07/13/2022,630
ER13,250009,10013832732,08/10/2022,349
ER24,608006,10116943452,03/09/2021,214
ER24,608006,10122413158,09/16/2021,112
ER37,360006,10010348344,11/03/2022,22
ER13,250032,10118245078,05/24/2017,278
ER71,826016,10012907204,11/15/2021,216
ER13,348061,10123741797,01/11/2018,66
ER24,356015,10106825841,01/01/2019,131
ER15,156051,10013499549,04/24/2021,178
ER15,156030,10136871332,12/21/2019,122
ER11,484056,10011002609,08/16/2018,267
ER24,356015,10146603910,12/20/2020,182
ER24,156012,10101304227,10/27/2019,119
ER24,356016,10109513131,07/14/2018,86
ER71,826008,10129481727,03/22/2017,203
ER12,356044,10129903266,11/20/2017,1039
ER31,276007,10000122813,01/23/2018,73
ER15,156047,10001018260,11/11/2021,3174
ER13,250013,10117336738,03/28/2017,265
ER13,250019,10117336738,03/26/2017,86
ER13,250009,10123413327,01/04/2021,248
ER15,156051,10010404687,10/28/2019,216
ER13,250015,10102473076,12/31/2019,158
ER13,428069,10134442278,05/22/2017,349
ER12,392076,10014666830,07/24/2020,64
ER13,250030,10142572867,11/19/2018,30
ER19,250018,10102803030,10/26/2022,180
ER11,484085,10014073337,08/20/2022,73
ER15,156050,10100321688,12/10/2022,82
ER13,250016,10142572867,11/19/2018,21
ER13,250026,10105772890,02/08/2022,126
ER15,156046,10115483155,02/10/2019,3242
ER21,616002,10012445883,03/30/2017,189
ER13,250019,10118245078,05/31/2017,65
ER33,250001,10001214691,01/04/2020,556
ER13,250051,10117336738,03/25/2017,250
ER13,250052,10117336738,03/17/2017,146
ER13,348061,10123413327,01/02/2021,86
ER24,356065,10126436482,11/21/2021,54
ER15,156068,10010976642,07/20/2020,29
ER35,276001,10010744606,05/02/2018,74
ER71,826008,10001486651,04/19/2021,20
ER31,276002,10011488209,10/11/2022,92
ER13,250032,10117336738,04/06/2017,262
ER12,702097,10115611135,07/31/2022,211
ER24,356065,10014183357,04/25/2022,52
ER24,608006,10149743340,06/19/2021,80
ER37,704025,10120551769,10/12/2020,211
ER71,826016,10011435139,12/31/2019,190
ER24,608006,10128363857,08/25/2017,237
ER20,156006,10121351620,07/22/2020,57
ER24,608006,10107353427,01/19/2023,187
ER37,360006,10117211630,02/06/2017,88
ER15,156050,10011839303,12/10/2018,48
ER13,250009,10001081224,06/01/2017,300
ER12,410081,10115521121,04/18/2019,146
ER18,458002,10001010422,02/21/2022,22
ER11,484058,10014073337,08/22/2022,62
ER24,608078,10149463483,10/30/2021,29
ER15,156068,10010404687,10/24/2019,58
ER15,156067,10010979604,03/14/2021,54
ER18,756001,10001010422,02/20/2022,22
ER33,250001,10012273206,01/05/2018,88
ER15,156050,10001018260,11/12/2021,448
ER39,208006,10014825547,07/02/2020,287
ER11,840071,10120151416,02/09/2019,82
ER24,608006,10132685988,08/17/2021,432
ER37,360006,10141261202,07/28/2020,771
ER24,840008,10141823710,02/11/2021,281
ER24,356015,10129081081,03/05/2019,209
ER19,724037,10129051657,08/03/2019,84
ER16,818003,10000115745,11/25/2018,29
ER15,156030,10011644514,06/30/2020,62
ER31,276001,10000122813,02/04/2018,17
ER15,156051,10123673692,03/03/2020,176
ER24,608006,10110142311,07/26/2018,356
ER31,276004,10001211890,01/13/2020,62
ER12,356053,10129161564,12/17/2017,34
ER24,356015,10112224268,05/12/2018,22
ER15,156054,10010404687,11/05/2019,56
ER19,724034,10013836848,08/14/2018,184
ER14,276003,10112812788,03/31/2017,81
ER24,608006,10105356333,10/17/2018,62
ER13,250024,10142572867,11/18/2018,57
ER13,250053,10001196247,12/17/2021,378
ER24,356015,10011230446,01/07/2022,125
ER24,608006,10141176326,11/16/2017,98
ER16,818001,10010570154,02/18/2017,156
ER11,840071,10001249616,11/12/2018,178
ER24,356015,10115433725,01/28/2021,91
ER13,250033,10113314814,10/18/2017,181
ER71,826018,10001486651,04/24/2021,43
ER24,356015,10122413158,09/15/2021,59
ER15,156010,10115162838,11/13/2018,27
ER37,704025,10013737992,10/27/2021,126
ER13,348063,10012607441,03/12/2021,694
ER24,608006,10139993385,02/21/2022,221
ER15,156067,10012037290,07/16/2017,248
ER37,704025,10129241880,09/20/2022,368
ER15,156047,10014840486,01/20/2019,168
ER23,380004,10011594547,07/01/2020,539
ER11,840053,10014073337,08/21/2022,53
ER32,203002,10118281513,05/28/2021,409
ER24,608006,10147473155,06/10/2022,282
ER24,156012,10139094255,02/07/2021,60
ER13,100007,10128354493,09/07/2019,1232
ER24,356015,10123926202,03/01/2022,148
ER35,276001,10001247655,12/01/2018,85
ER12,036016,10123623472,05/28/2018,30
ER24,608006,10146884342,08/17/2020,31
ER24,608006,10012346909,05/27/2020,218
ER13,250054,10113314814,10/10/2017,95
ER71,826020,10129481727,03/26/2017,111
ER15,156051,10011882544,01/02/2018,178
ER15,156067,10123673692,02/26/2020,149
ER11,484085,10011002609,08/11/2018,442
ER19,724037,10014786454,03/29/2021,68
ER15,156031,10011839303,12/21/2018,406
ER19,724023,10010911637,03/28/2017,226
ER13,250009,10115401739,05/22/2020,1842
ER24,608006,10132214157,05/10/2017,152
ER13,250009,10143992181,10/23/2019,271
ER15,156068,10013935373,08/13/2022,115
ER15,156067,10102351286,01/26/2022,149
ER37,764011,10012370377,02/02/2020,161
ER15,156031,10136871332,12/12/2019,113
ER24,608006,10010101392,09/09/2017,105
ER13,250032,10124432276,05/30/2021,183
ER24,356015,10101304227,10/21/2019,124
ER13,250015,10117336738,03/31/2017,57
ER13,250038,10117336738,03/31/2017,658
ER23,380003,10012240889,08/08/2018,172
ER19,724025,10101921712,06/24/2018,218
ER34,040001,10010472233,04/15/2019,46
ER13,040005,10128063773,04/04/2019,94
ER15,156065,10149211374,06/04/2022,198
ER33,250001,10000137591,06/13/2021,113
ER15,156038,10013434312,11/18/2017,102
ER15,156065,10137823684,04/08/2019,1387
ER13,250009,10106611929,08/10/2022,314
ER24,528061,10127863903,09/12/2022,108
ER71,826008,10011435139,01/08/2020,92
ER24,608006,10130063205,06/10/2021,47
ER13,250018,10136291300,01/27/2018,28
ER15,156051,10010672596,02/05/2018,83
ER32,203002,10120811375,04/11/2019,314
ER37,360006,10011255672,05/06/2020,98
ER13,250033,10118801965,06/10/2019,62
ER15,156067,10010976642,07/24/2020,46
ER15,156051,10147433521,11/21/2020,117
ER31,276001,10012049932,01/15/2018,38
ER13,250019,10113224813,10/20/2020,30
ER15,156043,10013076309,08/23/2022,37
ER19,012004,10104832234,02/09/2020,34
ER13,100007,10106543682,06/08/2019,810
ER24,608006,10132193537,04/26/2018,131
ER24,608006,10101993464,09/08/2017,170
ER19,724035,10013836848,08/07/2018,88
ER13,250033,10137791958,10/28/2021,44
ER24,840002,10141823710,02/18/2021,166
ER23,380003,10011140736,02/08/2018,76
ER33,250001,10012404258,08/06/2020,76
ER24,528057,10127863903,09/07/2022,94
ER37,360006,10109801249,09/08/2017,44
ER13,250053,10148471325,10/08/2019,194
ER24,356016,10148653143,02/17/2022,76
ER24,608006,10128413545,04/28/2021,64
ER16,818003,10011323173,08/04/2020,50
ER15,156068,10012037290,07/03/2017,61
ER23,380004,10014138554,01/02/2018,67
ER24,356015,10105356333,10/27/2018,46
ER19,724036,10131241869,07/24/2021,24
ER13,250022,10112411275,02/24/2017,244
ER13,428069,10107887540,06/01/2022,98
ER13,348065,10109655566,12/15/2018,134
ER15,156067,10111401705,02/08/2020,69
ER12,410081,10105315057,05/11/2018,91
ER11,840073,10013853908,12/26/2022,48
ER13,250019,10118342050,12/30/2021,165
ER37,360006,10014745762,07/15/2020,38
ER31,276001,10001273648,07/31/2017,43
ER15,156046,10140732336,06/14/2021,18
ER24,608006,10116601467,06/13/2020,56
ER14,056015,10106742031,12/24/2020,172
ER31,276007,10001028693,04/13/2018,38
ER24,356065,10124573657,07/17/2017,38
ER15,156047,10010672596,02/08/2018,35
ER15,156051,10136633258,03/14/2017,89
ER13,250050,10117336738,03/22/2017,62
ER13,250052,10014244250,01/02/2021,48
ER15,156051,10012171550,09/08/2018,23
ER13,250051,10128395511,03/08/2020,338
ER32,203002,10114011188,03/26/2022,445
ER13,250013,10102473076,12/28/2019,211
ER15,156067,10014840486,01/30/2019,42
ER11,484085,10124812409,12/03/2022,321
ER19,724023,10111142678,02/25/2017,106
ER23,380004,10012199287,12/14/2018,44
ER31,276005,10013285470,09/01/2020,87
ER11,840083,10013475542,06/12/2020,31
ER19,724025,10138281713,06/15/2017,397
ER15,156065,10013004306,11/08/2022,337
ER23,380001,10001350428,11/27/2020,219
ER11,484058,10120002444,11/04/2017,463
ER11,840071,10147661775,06/03/2019,110
ER13,250054,10105772890,02/06/2022,32
ER37,764011,10010210406,01/24/2019,386
ER13,348065,10123413327,01/03/2021,62
ER32,203002,10137131206,10/05/2019,324
ER15,156031,10011644514,07/01/2020,127
ER11,840084,10013853908,12/21/2022,46
ER12,702096,10010381855,05/02/2022,289
ER37,704025,10012568989,06/17/2022,191
ER13,250009,10129265458,08/09/2020,49
ER12,036017,10115611135,08/02/2022,48
ER11,484056,10010979765,09/23/2019,119
ER15,156051,10011644514,06/25/2020,88
ER24,608006,10139611079,05/22/2021,27
ER37,360006,10118751053,09/11/2017,15
ER13,250032,10145962554,11/13/2018,63
ER11,484057,10119642947,12/21/2022,70
ER13,250016,10121772916,05/19/2017,22
ER31,276001,10011488209,10/16/2022,14
ER13,348061,10107401267,12/23/2018,41
ER11,840073,10012058228,09/27/2019,34
ER24,608006,10127406412,07/25/2020,111
ER32,616005,10127561150,04/01/2017,104
ER22,380002,10012682237,12/23/2018,94
ER24,608006,10104253140,01/25/2021,115
ER12,702096,10012199815,07/14/2018,51
ER11,840073,10013475542,06/14/2020,27
ER24,356016,10107503530,07/22/2019,27
ER32,616005,10110651149,03/27/2017,218
ER15,156047,10011644514,07/06/2020,85
ER13,250054,10137791958,11/04/2021,59
ER13,250053,10011107963,07/25/2020,178
ER24,608006,10120245204,03/01/2019,182
ER15,156067,10011129320,10/18/2018,110
ER24,608006,10013780283,02/21/2021,55
ER15,156067,10010322983,02/11/2018,29
ER13,250013,10011107963,07/18/2020,125
ER13,250019,10134196382,07/08/2022,95
ER11,840073,10147661775,06/01/2019,34
ER24,250056,10126445408,11/20/2018,23
ER32,616005,10014517190,11/13/2020,89
ER15,156057,10115162838,11/22/2018,64
ER15,156051,10130032440,01/22/2023,50
ER31,276003,10001211890,01/08/2020,26
ER11,484058,10014307190,12/14/2017,131
ER12,702096,10014105865,10/20/2018,89
ER24,356015,10126426307,12/02/2022,67
ER13,250015,10010673254,06/10/2021,57
ER13,250052,10001075296,06/28/2017,30
ER19,724025,10122801728,12/31/2020,1186
ER12,036017,10128761985,08/19/2021,56
ER33,250001,10012247329,06/06/2019,77
ER23,380003,10011147808,02/28/2020,53
ER13,250009,10001497343,08/13/2017,73
ER11,484085,10013121615,02/02/2022,328
ER37,360006,10014364818,06/24/2020,62
ER11,484058,10124812409,12/06/2022,64
ER19,724037,10132571070,07/30/2021,22
ER13,250054,10116714815,12/06/2019,77
ER24,356015,10132193537,04/30/2018,44
ER11,840071,10014073337,08/18/2022,30
ER13,250051,10011107963,07/30/2020,168
ER33,250001,10012279111,06/28/2017,34
ER15,156030,10012422906,12/23/2021,245
ER32,203002,10144071444,12/24/2019,273
ER11,484057,10013475542,06/07/2020,86
ER13,250038,10001081224,06/02/2017,64
ER24,356066,10105086472,08/21/2019,43
ER36,348001,10014597263,10/09/2017,26
ER12,702099,10012770774,07/15/2020,21
ER13,100007,10107325965,11/10/2018,435
ER13,250009,10145321278,06/19/2018,83
ER33,250001,10010378163,01/02/2020,58
ER24,356015,10116943452,03/08/2021,91
ER71,826016,10011242382,11/21/2018,30
ER24,356015,10132214157,05/06/2017,102
ER11,840084,10012058228,10/03/2019,33
ER24,250055,10134401230,03/26/2017,29
ER19,250018,10128863045,09/27/2019,74
ER15,156068,10012277378,07/07/2021,90
ER24,608006,10145315418,10/03/2020,72
ER15,156038,10012881473,10/07/2021,55
ER31,276001,10013945386,04/10/2018,17
ER11,484085,10138832230,07/19/2022,277
ER24,608006,10141913676,06/21/2018,99
ER13,428069,10111087553,01/04/2020,74
ER31,276007,10011429916,03/25/2017,24
ER13,250013,10010673254,06/11/2021,182
ER13,348065,10117336738,03/30/2017,68
ER11,484056,10011016746,10/25/2021,64
ER24,356015,10129613711,09/22/2018,33
ER19,724037,10149621073,07/27/2021,33
ER13,100007,10109085962,12/30/2021,683
ER13,250051,10014790868,09/02/2018,166
ER23,380003,10014658329,11/13/2021,87
ER37,360006,10010700645,04/23/2020,17
ER15,156067,10147433521,11/25/2020,292
ER29,276001,10013663332,06/26/2020,65
ER39,752002,10149491249,03/26/2017,33
ER31,276007,10012049932,01/13/2018,36
ER23,380004,10012709288,01/05/2021,34
ER15,156030,10109104432,10/06/2019,116
ER13,250009,10126131196,06/05/2019,74
ER13,250054,10128366819,03/25/2022,66
ER15,156068,10130032440,01/18/2023,21
ER13,250021,10117336738,03/30/2017,135
ER13,348065,10127411846,07/10/2018,106
ER37,360006,10012422349,07/21/2018,32
ER24,608006,10014781901,12/09/2021,140
ER13,250052,10131914287,11/27/2017,97
ER13,250015,10001497343,08/21/2017,26
ER39,208005,10014825547,06/20/2020,125
ER15,156067,10014169606,06/07/2020,82
ER31,276005,10014301468,01/03/2021,44
ER15,156067,10130032440,01/30/2023,30
ER24,840002,10127863903,09/21/2022,20
ER11,840082,10128783991,06/12/2019,146
ER12,702096,10010264365,02/13/2022,126
ER13,250033,10105772890,02/12/2022,90
ER37,360006,10013040353,03/03/2020,47
ER23,380004,10010024278,08/13/2022,38
ER13,250054,10141216454,05/11/2021,37
ER13,250053,10124594709,03/25/2021,119
ER23,380001,10012335804,12/12/2020,158
ER13,250009,10147802097,12/16/2018,41
ER13,250009,10110651539,03/28/2019,67
ER24,608006,10137463508,08/02/2021,89
ER71,826008,10012536529,02/24/2020,71
ER24,356015,10128333833,02/08/2019,94
ER13,250009,10014244250,12/30/2020,71
ER13,250009,10111383335,02/16/2017,45
ER13,250026,10112742468,04/17/2017,27
ER24,840003,10127863903,09/14/2022,22
ER12,356044,10112402167,02/06/2022,715
ER24,608006,10107313287,02/20/2019,236
ER24,608006,10135543398,04/09/2019,158
ER13,250032,10108332532,02/29/2020,121
ER24,356015,10013073632,03/12/2020,113
ER13,428069,10119594047,10/19/2021,29
ER37,360006,10100481217,07/24/2020,18
ER24,356066,10010005565,08/09/2020,19
ER24,356015,10109055264,08/29/2021,94
ER24,608006,10143523149,05/27/2020,46
ER11,840084,10010915763,12/09/2019,34
ER31,276002,10011429916,03/25/2017,23
ER24,356015,10012346909,05/15/2020,90
ER15,156047,10137823684,03/28/2019,17
ER24,356065,10105086472,08/16/2019,20
ER11,484058,10133583291,08/07/2021,17
ER32,616005,10011513107,08/20/2020,140
ER33,250001,10001006628,02/01/2022,83
ER13,250033,10116714815,12/12/2019,41
ER24,608006,10143063466,07/08/2017,94
ER19,724022,10010911637,03/25/2017,92
ER13,348065,10138961696,10/24/2020,68
ER13,250032,10143621758,04/04/2017,67
ER12,356072,10107402462,08/13/2017,62
ER19,250018,10014646293,02/28/2022,46
ER15,156047,10013002806,12/22/2021,41
ER15,156030,10012206300,03/24/2019,69
ER13,250019,10001081224,05/28/2017,42
ER13,250033,10014790868,09/01/2018,278
ER32,616005,10001271497,10/16/2019,264
ER13,250009,10112811564,09/30/2019,143
ER15,156044,10012277378,07/03/2021,67
ER24,356016,10131451873,12/09/2021,26
ER23,380001,10010024278,08/10/2022,308
ER11,484056,10011459760,05/14/2022,73
ER13,250026,10129265458,08/03/2020,51
ER19,250018,10105633067,07/12/2022,14
ER11,840084,10013475542,06/16/2020,22
ER11,840071,10011459760,05/05/2022,152
ER13,250037,10117336738,04/02/2017,59
ER13,250054,10134442278,05/17/2017,55
ER15,156038,10011809644,09/22/2019,18
ER12,702096,10012336890,06/14/2017,105
ER13,250009,10128063773,04/10/2019,88
ER19,724036,10128332081,07/15/2022,50
ER15,156067,10012376530,07/24/2020,28
ER24,784033,10127863903,09/18/2022,14
ER11,484056,10118421652,05/23/2017,28
ER13,250054,10120134704,01/30/2018,51
ER24,528061,10141823710,02/21/2021,42
ER23,380002,10010602718,05/19/2017,46
ER13,250053,10147723134,02/10/2018,57
ER11,484058,10135831911,05/03/2021,103
ER13,250024,10013832732,08/24/2022,25
ER23,380001,10001314410,03/25/2022,150
ER70,792021,10010540835,04/29/2022,53
ER15,156051,10012037290,07/08/2017,68
ER24,608006,10135173178,03/07/2020,21
ER39,578009,10013542760,10/28/2021,31
ER13,250024,10102473076,01/06/2020,22
ER24,608006,10144703435,11/25/2021,69
ER13,250015,10129265458,08/10/2020,61
ER13,250024,10131304274,01/18/2020,41
ER24,840008,10127863903,09/15/2022,24
ER71,826008,10010990673,12/26/2019,189
ER13,250035,10117336738,03/27/2017,152
ER11,484058,10014210277,04/15/2018,143
ER39,578010,10013542760,10/18/2021,64
ER39,208006,10149491249,04/01/2017,48
ER13,250051,10145521850,01/01/2023,23
ER11,484058,10012058228,10/02/2019,154
ER13,250022,10117336738,04/02/2017,122
ER32,203002,10113941585,04/07/2020,80
ER14,056015,10013512770,04/01/2017,80
ER70,792021,10001422377,11/20/2019,85
ER15,156047,10011809644,09/17/2019,46
ER13,250009,10107401267,12/16/2018,31
ER13,250032,10128232084,07/11/2021,41
ER24,608006,10128333833,02/04/2019,59
ER24,528061,10134401230,03/28/2017,35
ER11,484058,10011002609,08/14/2018,542
ER11,484056,10144921689,09/20/2019,113
ER13,250052,10145521850,01/03/2023,81
ER13,250032,10010581899,02/28/2020,74
ER13,250019,10103823237,10/24/2018,38
ER12,702099,10014578864,10/29/2022,20
ER15,156031,10012579417,04/21/2022,21
ER11,484058,10119642947,12/16/2022,45
ER13,250015,10014644252,12/04/2017,56
ER72,356060,10111901118,12/17/2020,24
ER15,156065,10013076309,08/17/2022,35
ER13,428069,10142503432,06/12/2020,19
ER24,356015,10142163521,06/16/2021,29
ER14,056015,10013479352,03/23/2020,190
ER12,702099,10137971061,11/14/2021,287
ER13,250053,10147802097,12/12/2018,144
ER11,484058,10132371535,02/25/2022,139
ER13,250052,10106611929,08/13/2022,74
ER13,250018,10140444444,04/30/2019,76
ER71,826016,10010990673,01/10/2020,96
ER11,840053,10001249616,10/31/2018,31
ER71,826010,10129481727,03/20/2017,47
ER12,356056,10148773325,03/06/2020,28
ER15,156050,10010894503,12/09/2022,23
ER13,348061,10126131196,06/15/2019,20
ER13,250018,10117336738,03/26/2017,232
ER13,250009,10001075296,06/19/2017,93
ER24,356015,10110142311,07/26/2018,37
ER11,484056,10120151416,02/08/2019,24
ER12,356031,10013021896,12/09/2019,42
ER13,428069,10141216454,05/21/2021,29
ER11,484056,10013475542,06/27/2020,16
ER13,250013,10149983349,03/20/2019,154
ER13,250033,10001107991,12/19/2019,167
ER11,484056,10149871867,02/15/2017,55
ER71,826018,10012907204,11/11/2021,44
ER24,036047,10149855176,09/17/2022,19
ER24,250056,10149365451,01/13/2018,30
ER32,203002,10123511208,11/27/2021,359
ER11,484085,10146821459,02/11/2022,88
ER13,250013,10107401267,12/15/2018,87
ER11,484058,10147661775,06/07/2019,31
ER13,250054,10115083408,10/11/2018,40
ER11,840073,10010915763,12/03/2019,29
ER24,356016,10149055160,11/29/2017,28
ER13,428069,10124216741,10/14/2022,23
ER13,250009,10148471325,10/09/2019,212
ER11,484058,10010915763,11/27/2019,165
ER12,356031,10011763151,11/17/2021,110
ER13,250013,10138836211,12/05/2019,133
ER14,056015,10012567347,07/03/2022,130
ER39,208006,10013542760,10/27/2021,68
ER24,608006,10147903828,12/06/2021,67
ER14,056015,10112812788,03/27/2017,29
ER37,360006,10137971482,08/31/2021,42
ER23,380003,10010024278,08/15/2022,62
ER11,840071,10014210277,04/12/2018,40
ER13,250021,10146937092,07/28/2017,257
ER11,840071,10013121615,02/03/2022,146
ER13,250033,10147802097,12/20/2018,73
ER24,356015,10139993385,02/19/2022,68
ER24,356015,10148623422,12/29/2017,51
ER19,724025,10148351723,10/31/2018,51
ER13,348065,10001075296,06/24/2017,61
ER33,250001,10001072597,08/20/2017,47
ER13,250019,10145962554,11/09/2018,19
ER12,356053,10107402462,08/10/2017,31
ER15,156050,10133081106,11/08/2022,191
ER11,840082,10010973877,12/11/2018,80
ER13,250053,10111383335,02/28/2017,44
ER13,250054,10145021635,04/14/2021,68
ER13,348065,10013659126,11/25/2021,43
ER13,250015,10130471884,01/11/2022,39
ER15,156050,10011644514,06/28/2020,35
ER13,250009,10108063663,01/10/2021,29
ER15,156067,10139972575,06/28/2020,36
ER37,360006,10117061228,03/09/2020,34
ER15,156047,10010976642,07/13/2020,18
ER15,156030,10012219307,05/02/2022,15
ER21,616002,10013199741,05/28/2017,93
ER11,484056,10132371535,03/04/2022,46
ER37,764011,10130612092,03/01/2020,28
ER13,250032,10122602620,05/31/2019,46
ER35,276001,10010282267,01/07/2021,25
ER15,156029,10014914395,03/05/2021,24
ER13,250022,10125541032,04/02/2020,164
ER11,484085,10014210277,04/14/2018,126
ER11,840071,10011866492,08/23/2019,104
ER19,724023,10132111850,02/05/2020,90
ER24,608006,10146603910,12/22/2020,104
ER71,826008,10014753196,08/21/2022,41
ER29,276001,10010168327,10/22/2021,75
ER15,156063,10012219307,05/17/2022,88
ER72,356059,10111901118,12/13/2020,24
ER11,484085,10132094021,03/12/2018,169
ER11,484058,10120151416,01/31/2019,65
ER12,702096,10012333860,08/28/2022,49
ER11,484081,10136691855,08/03/2019,51
ER13,250009,10010673254,06/18/2021,39
ER71,826016,10011258398,07/07/2022,36
ER35,276001,10012735556,04/04/2022,26
ER24,784032,10127863903,09/09/2022,26
ER13,250009,10109651512,02/15/2018,130
ER13,250033,10011614241,05/11/2018,69
ER11,840082,10014210277,04/23/2018,41
ER13,250052,10001081224,05/20/2017,26
ER15,156065,10012206300,04/05/2019,19
ER13,250032,10140963636,12/27/2019,22
ER13,643081,10102473076,01/03/2020,29
ER13,250013,10105772890,02/14/2022,52
ER15,156051,10014064543,02/10/2018,75
ER24,356015,10128121705,05/04/2022,55
ER32,203002,10128861361,07/08/2021,32
ER15,156063,10012467400,02/07/2017,152
ER13,250038,10102473076,01/01/2020,112
ER23,380003,10013372306,11/07/2021,91
ER11,840053,10014210277,04/22/2018,38
ER19,724036,10014646293,03/05/2022,48
ER13,250020,10145021635,04/11/2021,28
ER11,484085,10014206612,03/05/2019,111
ER11,484085,10149871867,02/25/2017,76
ER13,250052,10138204433,10/06/2020,55
ER13,250054,10014129148,04/13/2021,51
ER15,156051,10011424525,08/07/2017,43
ER13,250015,10012820249,10/19/2018,38
ER33,250001,10012246358,12/22/2018,41
ER37,704025,10115031666,10/14/2017,26
ER32,203002,10124761572,03/26/2017,23
ER13,250013,10001075296,07/03/2017,158
ER15,156067,10123652825,06/02/2018,76
ER37,704025,10010279639,08/30/2021,86
ER37,764011,10012480380,04/22/2019,56
ER24,608006,10124893114,02/01/2021,55
ER37,764011,10010050590,07/28/2020,41
ER70,792024,10010540835,04/21/2022,32
ER15,156038,10101821551,08/24/2017,34
ER22,380003,10011415610,06/29/2020,23
ER13,250038,10147802097,12/17/2018,48
ER23,380001,10012904768,01/03/2020,46
ER23,380001,10012339703,10/20/2022,36
ER72,356057,10111901118,12/14/2020,23
ER24,356016,10132214157,05/09/2017,32
ER70,792021,10013582480,04/29/2022,467
ER11,484085,10135771522,02/27/2018,116
ER11,840082,10001249616,10/25/2018,50
ER13,250053,10111391042,06/17/2019,52
ER15,156065,10012219307,04/30/2022,60
ER23,380001,10001423274,05/01/2021,41
ER11,840053,10013475542,06/21/2020,30
ER13,250013,10001497343,08/19/2017,41
ER37,764011,10012990526,02/09/2020,74
ER12,356057,10139313504,08/29/2021,56
ER15,156063,10012155311,07/21/2018,49
ER13,250015,10126185444,11/03/2018,24
ER72,356058,10111901118,12/20/2020,30
ER12,356044,10141541924,02/05/2022,233
ER71,826008,10117271423,01/04/2021,57
ER71,826018,10100911490,09/12/2022,52
ER15,156051,10011244574,08/21/2022,33
ER13,250033,10128366819,03/28/2022,26
ER13,250015,10012380756,12/26/2020,21
ER33,250001,10013792217,01/14/2021,22
ER13,250012,10120134704,02/12/2018,80
ER13,250038,10143992181,10/29/2019,83
ER13,250021,10140486126,04/05/2018,44
ER13,250052,10125541032,04/01/2020,58
ER12,702096,10133871190,01/02/2021,42
ER23,380004,10001423056,04/09/2022,37
ER12,410081,10135841114,05/09/2021,44
ER15,156067,10142523529,10/18/2022,21
ER24,608006,10149055160,11/23/2017,58
ER32,203002,10107231509,01/10/2023,53
ER12,702096,10011803853,03/03/2021,45
ER13,250052,10012820249,10/13/2018,40
ER32,203002,10125951526,10/23/2018,48
ER33,250001,10013214279,08/27/2019,22
ER13,250019,10113314814,10/02/2017,36
ER13,250013,10012820249,10/29/2018,16
ER13,250014,10126131196,06/01/2019,18
ER12,392076,10012770774,07/13/2020,15
ER13,250038,10112161856,07/04/2022,201
ER13,250009,10137332651,05/30/2019,117
ER13,250013,10001275846,08/30/2020,104
ER11,840053,10126512612,04/23/2021,67
ER13,250052,10011363778,03/07/2020,54
ER13,250009,10126185444,10/24/2018,62
ER11,840080,10121742275,03/28/2021,28
ER13,250009,10014734242,12/02/2018,39
ER15,156067,10110743350,10/25/2021,34
ER15,156067,10010894503,12/11/2022,35
ER37,360007,10135181385,05/17/2018,41
ER13,250015,10120703095,03/01/2022,25
ER13,250020,10115292717,04/26/2020,15
ER11,484085,10011459760,05/09/2022,319
ER15,156031,10014669397,11/27/2018,122
ER11,484056,10120002444,11/13/2017,87
ER13,250009,10001107991,12/13/2019,63
ER23,380003,10012199287,12/18/2018,34
ER32,616005,10012878969,06/25/2020,39
ER37,360006,10014898747,08/26/2021,34
ER13,250054,10140323775,06/06/2020,42
ER13,250051,10120741599,11/24/2018,21
ER13,250032,10120741599,11/14/2018,18
ER11,484085,10013986759,01/21/2021,260
ER11,484085,10013821124,10/27/2021,51
ER15,156067,10014460571,03/01/2020,31
ER14,056015,10127802312,02/24/2020,26
ER13,250009,10140444444,04/28/2019,34
ER12,702096,10014936759,04/11/2021,32
ER23,380001,10011412715,05/31/2017,23
ER13,250050,10116762536,04/15/2018,115
ER15,156044,10147961676,02/07/2018,95
ER13,348063,10014084150,03/06/2020,67
ER11,840071,10149871867,02/17/2017,41
ER11,840082,10014941693,04/01/2021,62
ER11,840053,10132371535,03/11/2022,34
ER15,156051,10102181904,07/27/2020,17
ER13,250018,10014084150,03/09/2020,190
ER23,380001,10000146787,02/09/2018,102
ER11,484085,10010973877,12/01/2018,83
ER13,250038,10001075296,06/25/2017,91
ER15,156066,10105821061,06/10/2019,54
ER13,250013,10112927095,05/24/2017,57
ER15,156066,10013833827,06/03/2021,68
ER32,203002,10103741475,10/02/2022,29
ER23,380003,10012286735,03/31/2020,42
ER37,704025,10100021210,07/11/2017,27
ER11,840082,10010154803,12/21/2020,20
ER24,356015,10139094255,01/29/2021,14
ER11,484085,10120002444,11/10/2017,129
ER11,484081,10011266616,12/12/2020,128
ER13,250009,10128582648,05/20/2018,82
ER24,608006,10132824167,01/11/2021,51
ER24,608006,10127216386,09/14/2021,41
ER15,156050,10014840486,01/31/2019,31
ER13,250054,10146313294,03/21/2022,16
ER23,380004,10012012836,06/13/2019,29
ER13,250009,10138204433,10/18/2020,43
ER24,608006,10110684645,12/19/2022,44
ER13,250013,10125327696,12/06/2020,54
ER24,608006,10113824071,05/11/2020,47
ER24,608006,10128121705,05/10/2022,46
ER13,250054,10120321495,12/10/2017,33
ER33,250001,10012295436,08/17/2020,19
ER15,156067,10011575537,03/24/2022,25
ER13,348064,10117336738,03/28/2017,14
ER71,826018,10103511778,04/01/2022,16
ER13,250038,10136665560,06/22/2022,120
ER13,250018,10149821746,02/26/2018,57
ER11,840080,10145334981,12/15/2019,61
ER13,250038,10001497343,08/23/2017,47
ER32,203002,10136121430,02/22/2020,40
ER15,156050,10010870412,12/21/2021,19
ER13,250013,10014244250,01/07/2021,21
ER13,250050,10014244250,01/08/2021,16
ER13,250032,10120134704,02/06/2018,133
ER15,156044,10010976642,07/11/2020,114
ER11,484081,10146821459,02/12/2022,98
ER13,250050,10014790868,08/21/2018,56
ER11,840082,10146821459,02/24/2022,80
ER13,250022,10131063474,12/22/2020,61
ER13,100007,10117336738,03/28/2017,56
ER32,203002,10125321447,02/02/2018,52
ER13,250009,10119441804,06/19/2017,56
ER13,348065,10128063773,04/03/2019,57
ER24,608006,10130783365,12/03/2022,38
ER24,356015,10145315418,09/23/2020,31
ER11,484058,10149871867,02/10/2017,29
ER32,616005,10149681138,06/22/2022,32
ER15,156066,10014669397,12/05/2018,17
ER11,484056,10014127744,03/18/2020,18
ER37,360006,10014176567,03/12/2019,66
ER11,484057,10013821124,11/04/2021,63
ER13,348065,10109651512,02/07/2018,25
ER37,360006,10013233686,02/09/2018,24
ER12,702096,10140751017,03/07/2021,26
ER15,156030,10014569561,06/23/2019,24
ER13,250018,10118342050,12/27/2021,320
ER13,348065,10132443895,11/21/2017,62
ER13,250038,10145604155,03/21/2022,65
ER13,250052,10148471325,10/19/2019,64
ER13,250009,10130021356,04/27/2019,47
ER12,702096,10119041071,06/05/2021,42
ER37,704025,10144851023,06/06/2021,37
ER15,156051,10125771076,10/27/2018,21
ER19,724023,10012163155,02/28/2020,15
ER15,156057,10010976642,07/11/2020,20
ER13,250020,10011559788,06/24/2019,76
ER23,380001,10014584789,08/20/2022,53
ER71,826016,10107521138,02/21/2018,47
ER71,826008,10125981294,10/17/2022,29
ER13,250020,10138472642,04/05/2017,46
ER13,250038,10014644252,12/12/2017,42
ER13,250009,10148962650,01/15/2019,23
ER32,203002,10102281524,07/23/2022,25
ER11,484056,10108761435,11/19/2017,25
ER13,250013,10014644252,12/04/2017,25
ER29,276001,10000120827,05/21/2018,17
ER13,250015,10106611929,08/16/2022,16
ER24,608006,10133524237,05/13/2019,23
ER13,348063,10138893519,10/28/2017,17
ER13,250038,10014132487,11/25/2017,77
ER11,484058,10011617665,11/18/2022,50
ER11,484085,10109181894,01/22/2018,93
ER23,380001,10001423056,04/19/2022,65
ER15,156068,10013002806,01/02/2022,62
ER13,100007,10133837195,10/28/2018,55
ER12,702096,10135871830,06/02/2022,37
ER15,156030,10123652825,06/05/2018,60
ER13,250050,10149821746,02/28/2018,54
ER15,156013,10001018260,11/09/2021,37
ER37,360006,10114511127,02/19/2021,19
ER12,702096,10014478902,07/26/2021,30
ER24,608006,10118773274,11/28/2017,20
ER15,156043,10117163942,06/04/2017,780
ER12,356044,10127663032,04/23/2021,104
ER13,250020,10014360852,07/16/2019,154
ER11,840053,10146821459,02/11/2022,69
ER13,250013,10101471328,06/07/2022,65
ER11,484085,10014033220,11/24/2021,47
ER15,156068,10012881473,10/06/2021,39
ER13,250038,10138472642,04/15/2017,19
ER37,764011,10013895422,08/06/2017,15
ER15,156051,10013076309,08/26/2022,18
ER12,356044,10107101873,12/15/2017,104
ER13,250009,10127701351,04/17/2022,92
ER11,484058,10011459760,05/15/2022,65
ER37,764011,10146771057,12/30/2020,70
ER12,702096,10011384875,07/08/2022,37
ER15,156067,10115162838,11/26/2018,33
ER11,484058,10135551460,05/01/2017,23
ER13,250013,10139342320,01/14/2023,18
ER13,250038,10141862875,03/29/2020,117
ER15,156063,10010257414,12/29/2022,170
ER11,484085,10144921689,09/16/2019,148
ER12,356031,10105212109,07/24/2017,117
ER11,840071,10141732270,06/20/2018,68
ER36,348001,10012169299,12/10/2019,76
ER32,616005,10013321978,01/30/2017,73
ER11,840082,10118421652,05/26/2017,54
ER37,704025,10143611435,07/15/2017,66
ER13,250052,10126185444,11/02/2018,24
ER13,250033,10010417933,02/07/2019,34
ER13,250009,10145521850,01/05/2023,20
ER32,203002,10103621424,04/23/2020,34
ER70,792021,10001454616,01/23/2022,26
ER11,840071,10135551460,05/08/2017,22
ER23,380003,10012017784,10/26/2019,28
ER13,250021,10149821746,03/02/2018,19
ER13,250022,10112782367,11/29/2017,132
ER13,250052,10109651512,02/08/2018,83
ER13,250022,10110122812,03/06/2022,137
ER15,156030,10101821551,08/21/2017,65
ER13,250018,10131063474,12/26/2020,65
ER71,826008,10140181737,12/07/2019,37
ER24,356015,10147903828,11/27/2021,28
ER13,250038,10120481365,04/22/2020,26
ER12,702096,10010228879,04/08/2019,31
ER24,608006,10125233522,11/28/2017,17
ER19,724023,10110881680,06/30/2021,21
ER11,840082,10013475542,06/12/2020,20
ER37,764011,10132821950,02/15/2019,14
ER12,356044,10012549146,09/07/2022,192
ER15,156068,10011839303,12/17/2018,83
ER13,250053,10107713406,08/14/2022,80
ER13,250050,10135492110,07/04/2020,36
ER32,616005,10011025186,07/13/2022,37
ER15,156051,10012881473,10/11/2021,34
ER20,840081,10107712791,08/31/2022,29
ER11,484081,10011459760,05/20/2022,16
ER13,250018,10012472627,04/20/2019,23
ER12,702096,10012770774,07/15/2020,29
ER19,724023,10014435687,12/18/2018,1258
ER11,840080,10013055951,04/09/2019,185
ER13,100007,10116174778,07/07/2018,107
ER13,250050,10100734995,03/31/2021,70
ER19,724023,10010050952,02/03/2018,58
ER37,764011,10011255672,05/06/2020,46
ER11,484058,10010973877,11/30/2018,35
ER13,250022,10139062685,02/12/2018,27
ER13,250053,10144774554,11/23/2020,31
ER13,250009,10013437229,07/22/2019,27
ER11,840053,10149871867,02/13/2017,27
ER11,484085,10126512612,04/20/2021,24
ER24,356015,10126983258,08/02/2022,23
ER11,484085,10013475542,06/20/2020,22
ER13,250053,10143992181,10/23/2019,14
ER13,250033,10134196382,07/16/2022,20
ER13,250015,10127701351,04/07/2022,21
ER11,840080,10014033220,11/23/2021,156
ER32,616005,10014731108,02/26/2020,39
ER13,250022,10117733145,06/28/2022,36
ER11,484057,10011002609,08/21/2018,38
ER32,616005,10014229972,11/26/2021,21
ER15,156051,10014989937,07/12/2020,24
ER32,616005,10010903129,07/13/2020,16
ER12,356031,10127663032,04/25/2021,167
ER15,156031,10010257414,12/31/2022,146
ER13,250022,10010417933,02/18/2019,80
ER15,156030,10011839303,12/17/2018,80
ER11,484085,10135831911,05/07/2021,58
ER13,250013,10116762536,04/10/2018,40
ER13,250020,10010417933,02/10/2019,37
ER13,250038,10010673254,06/16/2021,43
ER12,356053,10012549146,09/04/2022,33
ER24,356015,10137623481,05/15/2020,29
ER31,276005,10001028693,04/18/2018,26
ER12,702096,10126461520,12/13/2019,18
ER19,250018,10148783076,08/08/2022,16
ER71,826018,10108211411,01/19/2017,15
ER11,484058,10014127744,03/25/2020,18
ER15,156013,10131581608,05/24/2018,946
ER15,156029,10012467400,02/12/2017,153
ER13,250051,10106611929,08/10/2022,74
ER13,250050,10148471325,10/17/2019,40
ER15,156067,10113262268,07/22/2018,49
ER31,276001,10014299473,04/18/2021,59
ER12,702096,10014435874,08/09/2019,55
ER12,702096,10013370881,09/05/2018,53
ER13,250053,10145962554,11/08/2018,41
ER13,250021,10145604155,03/15/2022,34
ER13,250038,10107482696,01/15/2021,45
ER13,250009,10136194170,10/11/2017,23
ER12,356058,10135624454,06/26/2020,22
ER13,250033,10116762536,04/07/2018,31
ER12,356056,10011763151,11/23/2021,20
ER13,250038,10106611929,08/10/2022,123
ER12,356044,10001486747,10/28/2022,68
ER13,348065,10107482696,01/07/2021,37
ER13,250051,10148471325,10/15/2019,46
ER11,484085,10118421652,06/04/2017,46
ER15,156031,10010685474,09/23/2019,32
ER15,156031,10116001444,06/18/2021,20
ER13,250018,10133837195,10/07/2018,22
ER13,250050,10125541032,03/20/2020,28
ER33,250001,10010376365,11/04/2019,21
ER11,840079,10014736909,08/10/2020,20
ER13,348063,10013255127,10/06/2022,31
ER15,156067,10139902108,06/16/2018,22
ER13,250022,10011363778,02/29/2020,20
ER39,752001,10105561271,12/09/2017,15
ER13,250054,10106293502,03/02/2018,17
ER11,484058,10010665758,11/14/2017,114
ER13,250051,10125541032,04/04/2020,61
ER11,840080,10146821459,02/15/2022,40
ER13,250013,10130471884,01/18/2022,57
ER13,250033,10120321495,12/13/2017,49
ER13,100007,10117733145,06/30/2022,54
ER32,203002,10140551541,08/21/2022,40
ER12,702096,10013892872,03/02/2021,36
ER37,704025,10116511474,11/14/2020,30
ER13,348065,10142133518,11/20/2022,32
ER13,250050,10101261001,09/25/2019,32
ER13,250050,10112782367,11/30/2017,19
ER13,100007,10138472642,04/13/2017,14
ER13,250020,10148471325,10/12/2019,115
ER12,356044,10013653147,12/30/2017,67
ER11,484085,10011016746,10/24/2021,55
ER11,840082,10010979765,09/28/2019,49
ER13,250021,10130421994,05/03/2021,58
ER14,056015,10110552969,03/05/2020,45
ER13,250009,10014957251,12/22/2018,24
ER24,356015,10111325777,05/18/2021,25
ER13,250009,10108731268,06/14/2020,36
ER13,250020,10013255127,10/06/2022,19
ER13,250018,10011952591,12/27/2019,19
ER32,616005,10010218980,10/24/2022,19
ER24,608006,10111325777,05/10/2021,19
ER11,840082,10126512612,04/06/2021,22
ER11,484058,10010979765,09/23/2019,98
ER11,484058,10146821459,02/25/2022,84
ER11,484085,10014941693,04/08/2021,64
ER19,724023,10010795136,04/26/2019,39
ER32,616005,10014343197,10/04/2022,32
ER37,704025,10139041707,09/03/2017,25
ER13,250038,10127701351,04/11/2022,20
ER11,484056,10012384795,09/22/2019,27
ER23,380001,10001036161,04/24/2019,32
ER39,208006,10012558747,01/28/2018,35
ER11,484081,10013821124,10/28/2021,41
ER15,156044,10011424525,07/24/2017,28
ER13,348065,10012986687,01/03/2020,24
ER13,250033,10014129148,04/10/2021,20
ER13,250032,10141862875,04/01/2020,31
ER12,356031,10013653147,01/03/2018,52
ER12,356044,10101454249,05/12/2017,53
ER13,250050,10117866753,03/28/2018,34
ER13,250009,10127411846,07/01/2018,47
ER13,250038,10012723799,05/19/2017,36
ER15,156031,10013833827,06/05/2021,48
ER11,484081,10149871867,02/19/2017,24
ER71,826020,10147271544,01/27/2018,24
ER13,250032,10001107991,12/18/2019,24
ER15,156065,10012931333,02/19/2022,29
ER15,156031,10105821061,06/07/2019,24
ER31,276004,10014299473,04/19/2021,16
ER13,250033,10140323775,06/02/2020,19
ER13,250009,10131063474,12/10/2020,31
ER19,724023,10138882313,08/02/2017,573
ER13,250021,10013677886,03/19/2021,179
ER11,484085,10010979765,09/21/2019,71
ER13,250022,10010539947,12/19/2020,91
ER13,100007,10103165100,09/02/2019,83
ER13,250020,10136291300,01/22/2018,85
ER13,250032,10148471325,10/20/2019,68
ER13,250038,10133365063,10/14/2021,80
ER13,428069,10149753779,12/24/2020,36
ER13,250009,10107301460,12/28/2020,37
ER13,250020,10126185444,10/31/2018,19
ER13,250052,10116123113,12/26/2020,32
ER15,156068,10010672596,02/16/2018,29
ER12,702096,10010681868,08/19/2017,22
ER12,702096,10010936866,07/29/2021,27
ER23,380001,10001047322,01/27/2017,21
ER11,840053,10011866492,08/27/2019,29
ER12,702097,10012860764,04/14/2021,22
ER13,250032,10138472642,04/11/2017,22
ER12,702096,10010894822,12/18/2018,18
ER20,840002,10106452938,04/07/2021,17
ER11,484085,10014127744,03/23/2020,73
ER12,356044,10103951379,05/12/2020,73
ER13,250018,10130421994,04/25/2021,98
ER12,356044,10011763151,11/23/2021,74
ER15,156044,10013935373,08/15/2022,39
ER13,250050,10136291300,01/20/2018,39
ER12,702096,10010443870,07/19/2019,29
ER13,250050,10011363778,02/27/2020,36
ER23,380001,10010272786,03/07/2018,38
ER23,380001,10014393777,02/07/2018,39
ER15,156051,10014188398,04/10/2021,21
ER15,156043,10011035305,07/22/2021,2074
ER13,250020,10120134704,02/06/2018,37
ER13,250038,10121772916,05/14/2017,37
ER12,356031,10141541924,02/06/2022,24
ER12,702096,10138471413,06/17/2019,30
ER13,250021,10130242179,04/25/2017,35
ER13,250022,10010975725,12/14/2019,20
ER31,276002,10014299473,04/16/2021,26
ER15,156063,10134732455,04/13/2018,32
ER13,100007,10124773229,11/01/2017,38
ER23,380001,10013546782,06/15/2017,29
ER11,840073,10011866492,08/21/2019,15
ER11,484056,10011266616,12/16/2020,22
ER13,250020,10101261001,09/18/2019,22
ER13,250050,10010417933,02/09/2019,51
ER13,100007,10100202825,03/15/2019,56
ER13,250020,10135165882,12/26/2018,35
ER13,250033,10010581899,03/03/2020,34
ER15,156065,10013758336,06/27/2017,17
ER13,250050,10136665560,06/25/2022,28
ER15,156063,10135161966,07/31/2021,17
ER13,250033,10103922022,07/19/2020,26
ER12,356031,10103951379,05/03/2020,37
ER13,250038,10108302537,02/17/2018,25
ER13,250020,10000136485,02/25/2018,31
ER11,840080,10111951831,01/10/2021,170
ER11,840080,10014950938,08/06/2017,59
ER13,250013,10120703095,02/25/2022,75
ER11,484085,10013994149,10/28/2022,61
ER13,250013,10110415154,09/08/2017,50
ER13,250033,10013660607,12/01/2020,53
ER13,250038,10113914011,10/29/2019,37
ER13,100007,10149695267,06/27/2021,20
ER11,484081,10102491859,10/02/2020,33
ER32,616005,10014476983,02/24/2021,26
ER11,840071,10010979765,09/22/2019,84
ER13,250052,10112811564,09/28/2019,50
ER11,484081,10132371535,03/07/2022,29
ER13,100007,10146634719,02/07/2018,40
ER32,616005,10014860975,10/05/2022,46
ER13,100007,10143595926,03/18/2019,38
ER13,250009,10149762560,01/26/2017,20
ER13,250020,10014244250,01/02/2021,33
ER32,616005,10014158993,12/11/2019,24
ER12,702096,10128001209,04/06/2018,23
ER32,616005,10013323987,04/22/2022,33
ER13,348065,10132975812,02/25/2021,27
ER13,250022,10128232084,07/07/2021,13
ER13,250033,10139062685,02/06/2018,26
ER13,250015,10106114246,03/31/2019,21
ER13,250038,10130021356,04/26/2019,95
ER11,840080,10146281389,12/02/2020,42
ER11,840080,10122111897,07/22/2020,50
ER13,250038,10102771348,08/24/2020,32
ER13,250022,10115292717,04/23/2020,32
ER13,250038,10128582648,05/09/2018,30
ER15,156031,10100791999,08/16/2022,30
ER13,250038,10139062685,02/04/2018,71
ER13,250021,10148471325,10/06/2019,40
ER13,250022,10126141672,02/15/2022,22
ER15,156063,10105821061,06/11/2019,24
ER13,250022,10134442278,05/21/2017,19
ER32,616005,10128551145,10/27/2019,54
ER13,250020,10001107991,12/20/2019,37
ER13,250018,10136703473,01/08/2019,25
ER15,156029,10145953406,02/23/2018,21
ER13,250009,10010890606,11/07/2022,23
ER13,250033,10132317845,01/24/2018,33
ER15,156043,10131581608,05/23/2018,660
ER13,250020,10146937092,07/22/2017,220
ER13,250021,10133641149,12/10/2017,36
ER13,250018,10100734995,03/31/2021,37
ER11,484058,10011266616,12/22/2020,31
ER11,484058,10011016746,10/21/2021,22
ER13,250020,10113666768,05/07/2022,22
ER15,156043,10109104432,10/08/2019,713
ER11,484081,10013896330,02/01/2021,68
ER13,250040,10117336738,03/29/2017,36
ER15,156002,10011386715,04/05/2019,33
ER15,156002,10012881473,10/04/2021,21
