ERP,PLANT,VENDOR,ORDERS,PO LINES SHARED
ER37,360006,10012911323,07/24/2018,1184
ER37,360006,10010007334,11/12/2022,966
ER37,360006,10013241319,10/30/2022,394
ER37,360006,10014756553,04/15/2021,575
ER37,360006,10011287264,07/04/2018,898
ER37,360006,10014143341,01/04/2018,210
ER37,360006,10012533573,03/30/2022,173
ER37,360006,10139811293,11/16/2020,254
ER37,360007,10010245784,11/29/2018,3740
ER37,360006,10014648364,02/08/2017,428
ER24,608006,10140483877,09/29/2020,3870
ER37,360006,10014725262,08/30/2018,123
ER37,360006,10011435633,10/15/2022,145
ER37,360006,10011653265,02/18/2022,296
ER37,360007,10129811444,11/10/2020,1573
ER37,360007,10014467679,01/04/2022,1816
ER24,608006,10109513131,07/02/2018,2049
ER33,250001,10010038272,11/28/2017,442
ER24,356015,10102423511,07/23/2017,2605
ER12,036002,10013624555,01/19/2018,192
ER37,360007,10011063467,01/07/2022,761
ER37,360006,10013568764,10/13/2018,173
ER24,608006,10142163521,06/12/2021,2223
ER37,360006,10119321856,12/03/2017,75
ER37,360006,10013403290,09/21/2020,39
ER37,360007,10110481991,02/25/2020,1824
ER24,356015,10121813561,12/02/2019,1635
ER37,360006,10010237688,07/24/2022,132
ER33,250001,10011982169,11/11/2018,1524
ER13,250009,10117336738,03/16/2017,1991
ER16,818003,10013964242,01/09/2020,1322
ER37,360006,10120151495,05/09/2018,226
ER71,826016,10013821492,08/31/2021,364
ER24,608006,10149463483,10/15/2021,2572
ER24,356015,10129533612,06/25/2018,1880
ER11,840071,10013475542,06/12/2020,962
ER24,356015,10101993464,09/04/2017,1187
ER24,608006,10114723284,04/15/2021,2782
ER15,156045,10135293316,06/09/2018,2644
ER24,356015,10109513131,07/04/2018,667
ER70,792024,10012621814,02/10/2020,2078
ER24,356015,10141283133,09/30/2017,775
ER24,608006,10135224300,05/12/2020,1516
ER15,156051,10011652673,02/14/2021,34
ER16,818003,10001333130,12/03/2020,419
ER24,608006,10106593280,10/20/2020,737
ER35,276001,10010162623,04/15/2018,124
ER19,724024,10129051657,07/27/2019,470
ER37,704025,10013475988,08/11/2021,2097
ER15,156067,10123321626,02/06/2017,595
ER19,724037,10113921662,10/13/2018,497
ER15,156067,10011260548,06/29/2018,487
ER13,348061,10010334101,04/14/2022,399
ER37,704025,10010546985,07/27/2022,1645
ER15,156067,10127391958,05/25/2021,131
ER15,156067,10100332426,10/02/2017,353
ER37,360006,10132361449,06/05/2021,94
ER24,356015,10107503530,07/19/2019,586
ER37,360006,10014871270,02/22/2018,9
ER71,826016,10001486651,04/25/2021,1573
ER37,360006,10013861837,06/05/2020,67
ER70,792024,10001490964,11/26/2018,237
ER15,156046,10122032218,12/28/2019,365
ER15,156051,10011809644,09/01/2019,9
ER24,356015,10118276231,05/05/2018,548
ER24,356015,10124573657,07/05/2017,623
ER24,608006,10139094255,01/22/2021,1309
ER37,360006,10013024300,10/08/2021,36
ER16,818003,10013190168,05/18/2017,144
ER37,360006,10013697366,02/23/2020,197
ER24,608006,10141733350,10/28/2021,1952
ER19,724025,10104181714,01/20/2022,940
ER15,156067,10122822808,01/03/2021,69
ER15,156068,10010979604,03/17/2021,380
ER15,156046,10110372187,06/18/2021,699
ER37,360006,10011948281,03/26/2018,94
ER71,826016,10010544573,08/17/2019,594
ER32,203002,10134951582,03/21/2017,1347
ER13,250009,10114934092,10/26/2017,1196
ER15,156067,10010427580,07/22/2019,145
ER24,608006,10127534517,11/18/2020,986
ER37,360006,10014476282,07/18/2017,97
ER24,608006,10125044567,05/23/2018,119
ER19,724037,10010482103,08/04/2020,337
ER11,840071,10013853908,12/14/2022,626
ER19,724037,10107831831,03/07/2019,327
ER24,356015,10136653837,10/17/2019,533
ER37,704025,10010824984,06/26/2017,626
ER24,356015,10114966377,12/17/2019,327
ER15,156050,10135293316,05/29/2018,71
ER13,428069,10134713776,08/31/2022,462
ER29,276001,10013497504,03/23/2017,368
ER19,724037,10114401072,07/28/2021,142
ER24,608006,10131451873,12/07/2021,1305
ER36,348001,10001285580,11/28/2018,74
ER24,608006,10117453992,12/22/2020,544
ER13,428069,10117336738,03/26/2017,304
ER13,428069,10127107516,12/30/2017,219
ER13,250033,10113224813,10/17/2020,474
ER13,250009,10123741797,12/30/2017,789
ER11,484058,10013475542,06/09/2020,503
ER13,428069,10116367383,05/07/2017,283
ER24,608006,10119473872,07/13/2019,1112
ER13,250054,10117336738,03/21/2017,361
ER13,250053,10105772890,02/06/2022,822
ER15,156067,10122863710,06/25/2022,97
ER72,356061,10111901118,12/09/2020,221
ER71,826008,10013821492,08/25/2021,888
ER11,840071,10010915763,11/28/2019,2682
ER15,156067,10110153497,02/23/2019,508
ER12,036016,10013624555,01/12/2018,184
ER15,156067,10142971605,10/07/2022,253
ER13,250013,10142562297,01/07/2020,1317
ER13,250054,10113224813,10/21/2020,339
ER24,356015,10102905284,10/25/2021,504
ER24,356015,10149733694,05/30/2017,291
ER15,156054,10011809644,09/08/2019,106
ER11,840071,10012058228,09/22/2019,746
ER24,608006,10145873723,06/23/2018,1436
ER15,156057,10013002806,12/20/2021,454
ER24,608006,10122213384,01/15/2021,1059
ER24,356015,10149463483,10/16/2021,534
ER37,360006,10010185618,07/06/2017,86
ER15,156067,10148402769,02/12/2020,97
ER24,608006,10122813356,07/19/2022,1080
ER37,360006,10011107294,05/31/2020,120
ER15,156050,10119511862,11/21/2020,34
ER13,250033,10117336738,03/23/2017,548
ER15,156067,10011809644,09/05/2019,330
ER13,250033,10107085056,05/05/2020,346
ER32,203002,10124331342,06/16/2022,1091
ER24,608006,10109763729,12/29/2021,1036
ER15,156047,10135293316,06/05/2018,85
ER15,156051,10010976642,07/08/2020,30
ER15,156067,10136633258,03/09/2017,452
ER24,608006,10102266206,12/24/2019,654
ER13,250024,10131914287,11/21/2017,583
ER11,484056,10146821459,02/10/2022,266
ER15,156036,10135293316,06/06/2018,16
ER15,156051,10012936428,06/03/2020,229
ER24,356015,10148653143,02/14/2022,228
ER15,156067,10011644514,06/27/2020,15
ER37,360006,10013722792,02/25/2019,45
ER70,682012,10133092321,09/23/2021,177
ER15,156068,10011652673,02/21/2021,92
ER13,250020,10104021835,01/28/2021,1517
ER70,792021,10012621814,02/06/2020,661
ER24,608006,10148653143,02/15/2022,846
ER24,608006,10106825841,12/29/2018,218
ER13,250053,10117336738,03/19/2017,370
ER24,608006,10107503530,07/21/2019,367
ER13,250020,10117336738,03/25/2017,379
ER24,608006,10108505896,11/16/2020,38
ER32,203002,10113271195,08/25/2018,1360
ER37,704025,10012086994,02/17/2019,756
ER11,484081,10014073337,08/13/2022,94
ER15,156047,10100321688,12/06/2022,951
ER24,356066,10126436482,11/19/2021,186
ER24,608006,10144204346,09/07/2022,1322
ER72,356055,10111901118,12/08/2020,174
ER13,250013,10126131196,05/30/2019,601
ER13,348061,10136194170,09/29/2017,186
ER19,724025,10010911637,03/26/2017,609
ER37,704025,10134131427,10/24/2020,317
ER37,360006,10010725277,09/11/2021,32
ER13,250015,10001081224,05/27/2017,88
ER13,428069,10131157517,04/29/2019,430
ER32,203002,10132811429,10/14/2019,1325
ER37,360006,10010228900,08/18/2021,13
ER15,156046,10127332241,02/16/2020,44
ER19,724025,10001309083,12/19/2019,357
ER24,608006,10112903383,02/23/2018,732
ER13,040005,10123413327,12/30/2020,115
ER19,724025,10116261711,06/01/2021,636
ER24,356015,10127784405,06/26/2021,158
ER15,156013,10012219307,05/03/2022,24
ER24,608006,10011230446,01/01/2022,208
ER24,356016,10149463483,10/24/2021,81
ER15,156051,10014675499,07/13/2019,11
ER19,724037,10014318438,12/20/2019,67
ER24,356015,10141123292,11/26/2017,152
ER15,156067,10105191718,11/23/2017,125
ER15,156067,10012936428,06/06/2020,122
ER11,484058,10013121615,01/26/2022,1886
ER24,356015,10139611079,05/12/2021,171
ER16,818001,10001333130,12/03/2020,211
ER12,702097,10128761985,08/19/2021,404
ER13,250015,10110202107,05/08/2018,161
ER37,360006,10012805682,12/09/2020,42
ER71,826016,10014753196,08/18/2022,362
ER23,380003,10012335804,12/08/2020,388
ER34,040001,10011832180,12/18/2020,67
ER15,156057,10013935373,08/10/2022,221
ER19,724037,10127301069,07/19/2021,85
ER24,608006,10106075859,04/10/2017,375
ER24,608006,10106796015,11/14/2021,555
ER15,156057,10010404687,10/23/2019,193
ER11,484056,10014073337,08/09/2022,73
ER19,724037,10133691074,07/21/2021,167
ER37,704025,10014115987,10/20/2017,627
ER13,250026,10126131196,05/24/2019,316
ER34,040001,10012540165,02/18/2021,99
ER13,250032,10118342050,12/27/2021,769
ER13,250032,10134196382,07/12/2022,700
ER28,484001,10012466151,01/26/2022,0
ER13,250009,10013832732,08/06/2022,349
ER24,608006,10116943452,03/06/2021,214
ER24,608006,10122413158,09/09/2021,187
ER37,360006,10010348344,10/25/2022,36
ER13,250032,10118245078,05/24/2017,278
ER71,826016,10012907204,11/09/2021,360
ER13,348061,10123741797,01/07/2018,83
ER24,356015,10106825841,12/30/2018,146
ER15,156051,10013499549,04/18/2021,198
ER15,156030,10136871332,12/14/2019,136
ER11,484056,10011002609,08/10/2018,382
ER24,356015,10146603910,12/10/2020,228
ER24,156012,10101304227,10/25/2019,170
ER24,356016,10109513131,07/06/2018,108
ER71,826008,10129481727,03/18/2017,339
ER15,156010,10013935373,08/08/2022,25
ER12,356044,10129903266,11/20/2017,1299
ER31,276007,10000122813,01/22/2018,91
ER15,156047,10001018260,11/06/2021,3527
ER13,250013,10117336738,03/22/2017,378
ER13,250019,10117336738,03/22/2017,108
ER13,250009,10123413327,12/31/2020,248
ER15,156051,10010404687,10/23/2019,270
ER13,250015,10102473076,12/22/2019,226
ER13,428069,10134442278,05/14/2017,349
ER12,392076,10014666830,07/20/2020,64
ER37,360006,10011044906,01/22/2023,25
ER13,250030,10142572867,11/11/2018,30
ER19,250018,10102803030,10/23/2022,180
ER11,484085,10014073337,08/14/2022,122
ER15,156050,10100321688,12/06/2022,91
ER13,250016,10142572867,11/18/2018,26
ER13,250026,10105772890,02/05/2022,158
ER15,156046,10115483155,02/04/2019,4631
ER21,616002,10012445883,03/20/2017,270
ER13,250019,10118245078,05/27/2017,109
ER33,250001,10001214691,12/30/2019,556
ER13,250051,10117336738,03/17/2017,313
ER13,250052,10117336738,03/15/2017,244
ER13,348061,10123413327,01/02/2021,86
ER24,356065,10126436482,11/13/2021,67
ER15,156010,10012219307,05/01/2022,18
ER15,156068,10010976642,07/15/2020,42
ER12,702099,10130223452,04/29/2017,17
ER35,276001,10010744606,04/22/2018,123
ER71,826008,10001486651,04/14/2021,33
ER31,276002,10011488209,10/09/2022,131
ER13,250032,10117336738,03/28/2017,262
ER12,702097,10115611135,07/28/2022,352
ER24,356065,10014183357,04/20/2022,74
ER24,608006,10149743340,06/12/2021,114
ER37,704025,10120551769,10/10/2020,352
ER71,826016,10011435139,12/30/2019,211
ER24,608006,10128363857,08/24/2017,263
ER20,156006,10121351620,07/14/2020,57
ER24,608006,10107353427,01/12/2023,267
ER37,360006,10117211630,02/04/2017,98
ER15,156050,10011839303,12/05/2018,80
ER13,250009,10001081224,05/30/2017,375
ER12,410081,10115521121,04/14/2019,162
ER18,458002,10001010422,02/15/2022,28
ER11,484058,10014073337,08/14/2022,77
ER24,608078,10149463483,10/20/2021,49
ER15,156068,10010404687,10/14/2019,83
ER15,156067,10010979604,03/06/2021,90
ER18,756001,10001010422,02/12/2022,31
ER33,250001,10012273206,01/04/2018,147
ER15,156050,10001018260,11/06/2021,746
ER39,208006,10014825547,06/25/2020,359
ER11,840071,10120151416,02/02/2019,117
ER24,608006,10132685988,08/08/2021,480
ER37,360006,10141261202,07/24/2020,1285
ER24,840008,10141823710,02/04/2021,401
ER24,356015,10129081081,02/25/2019,232
ER19,724037,10129051657,08/02/2019,84
ER16,818003,10000115745,11/25/2018,41
ER15,156030,10011644514,06/28/2020,62
ER31,276001,10000122813,01/29/2018,29
ER15,156051,10123673692,02/23/2020,176
ER24,608006,10110142311,07/22/2018,593
ER31,276004,10001211890,01/04/2020,104
ER12,356053,10129161564,12/15/2017,42
ER24,356015,10112224268,05/06/2018,31
ER37,360006,10012862829,06/25/2021,21
ER15,156054,10010404687,10/26/2019,93
ER19,724034,10013836848,08/11/2018,184
ER14,276003,10112812788,03/22/2017,90
ER24,608006,10105356333,10/13/2018,69
ER13,250024,10142572867,11/14/2018,81
ER13,250053,10001196247,12/12/2021,378
ER24,356015,10011230446,01/04/2022,156
ER24,608006,10141176326,11/16/2017,140
ER16,818001,10010570154,02/14/2017,223
ER11,840071,10001249616,11/03/2018,198
ER24,356015,10115433725,01/20/2021,130
ER13,250033,10113314814,10/11/2017,181
ER71,826018,10001486651,04/16/2021,62
ER24,356015,10122413158,09/10/2021,65
ER15,156010,10115162838,11/11/2018,38
ER37,704025,10013737992,10/21/2021,158
ER13,348063,10012607441,03/06/2021,771
ER24,608006,10139993385,02/17/2022,368
ER15,156051,10010979604,03/09/2021,11
ER15,156067,10012037290,07/10/2017,276
ER37,704025,10129241880,09/10/2022,526
ER15,156047,10014840486,01/20/2019,187
ER23,380004,10011594547,06/23/2020,674
ER11,840053,10014073337,08/17/2022,75
ER15,156031,10103071822,03/01/2022,20
ER32,203002,10118281513,05/20/2021,454
ER24,608006,10147473155,06/04/2022,313
ER24,156012,10139094255,01/30/2021,60
ER13,100007,10128354493,08/30/2019,1232
ER24,356015,10123926202,02/23/2022,164
ER35,276001,10001247655,11/21/2018,94
ER12,036016,10123623472,05/27/2018,43
ER24,608006,10146884342,08/07/2020,39
ER24,608006,10012346909,05/17/2020,242
ER13,250054,10113314814,10/01/2017,119
ER71,826020,10129481727,03/25/2017,123
ER15,156051,10011882544,01/02/2018,297
ER15,156067,10123673692,02/26/2020,149
ER11,484085,10011002609,08/09/2018,632
ER19,724037,10014786454,03/23/2021,75
ER15,156031,10011839303,12/15/2018,451
ER19,724023,10010911637,03/19/2017,251
ER13,250009,10115401739,05/17/2020,3070
ER24,608006,10132214157,05/03/2017,253
ER13,250009,10143992181,10/21/2019,339
ER15,156068,10013935373,08/08/2022,192
ER15,156067,10102351286,01/19/2022,165
ER37,764011,10012370377,01/24/2020,179
ER15,156031,10136871332,12/08/2019,113
ER24,608006,10010101392,09/04/2017,105
ER13,250032,10124432276,05/27/2021,183
ER24,356015,10101304227,10/18/2019,155
ER13,250015,10117336738,03/26/2017,81
ER13,250038,10117336738,03/22/2017,822
ER23,380003,10012240889,08/04/2018,191
ER15,156067,10011652673,02/16/2021,15
ER19,724025,10101921712,06/14/2018,363
ER34,040001,10010472233,04/05/2019,76
ER13,040005,10128063773,04/03/2019,94
ER18,756001,10014456295,02/19/2017,11
ER15,156065,10149211374,05/29/2022,198
ER33,250001,10000137591,06/03/2021,125
ER15,156038,10013434312,11/16/2017,146
ER37,360006,10012670777,04/08/2021,14
ER15,156067,10011662334,04/30/2021,10
ER24,356015,10125044567,05/23/2018,12
ER15,156065,10137823684,04/01/2019,1541
ER13,250009,10106611929,08/03/2022,448
ER24,528061,10127863903,09/06/2022,180
ER71,826008,10011435139,01/05/2020,102
ER24,608006,10130063205,06/09/2021,47
ER13,250018,10136291300,01/18/2018,46
ER15,156051,10010672596,02/01/2018,119
ER32,203002,10120811375,04/03/2019,314
ER37,360006,10011255672,04/28/2020,98
ER13,250033,10118801965,06/02/2019,69
ER15,156067,10010976642,07/16/2020,57
ER15,156051,10147433521,11/12/2020,146
ER15,156067,10125721086,12/01/2022,15
ER31,276001,10012049932,01/08/2018,64
ER13,250019,10113224813,10/11/2020,50
ER15,156043,10013076309,08/18/2022,46
ER19,012004,10104832234,02/08/2020,38
ER13,100007,10106543682,05/29/2019,1157
ER24,608006,10132193537,04/26/2018,219
ER24,608006,10101993464,09/04/2017,243
ER19,724035,10013836848,08/04/2018,125
ER13,250033,10137791958,10/20/2021,55
ER18,756001,10013152257,06/14/2019,18
ER24,840002,10141823710,02/10/2021,166
ER23,380003,10011140736,02/06/2018,127
ER33,250001,10012404258,07/30/2020,76
ER24,528057,10127863903,09/04/2022,117
ER37,360006,10109801249,09/08/2017,55
ER13,250053,10148471325,10/08/2019,215
ER24,356016,10148653143,02/14/2022,76
ER24,608006,10128413545,04/19/2021,106
ER16,818003,10011323173,08/03/2020,62
ER24,356065,10114966377,12/25/2019,27
ER15,156068,10012037290,07/02/2017,101
ER23,380004,10014138554,12/31/2017,74
ER24,356015,10105356333,10/18/2018,66
ER19,724036,10131241869,07/20/2021,30
ER13,250022,10112411275,02/16/2017,406
ER13,428069,10107887540,05/27/2022,98
ER13,348065,10109655566,12/09/2018,134
ER15,156067,10111401705,02/06/2020,86
ER12,410081,10105315057,05/11/2018,91
ER11,840073,10013853908,12/17/2022,48
ER13,250019,10118342050,12/22/2021,236
ER37,360006,10014745762,07/13/2020,54
ER31,276001,10001273648,07/30/2017,48
ER15,156046,10140732336,06/06/2021,30
ER24,608006,10116601467,06/06/2020,94
ER19,250018,10010720219,01/06/2023,10
ER14,056015,10106742031,12/15/2020,215
ER31,276007,10001028693,04/12/2018,54
ER24,356065,10124573657,07/07/2017,47
ER15,156047,10010672596,02/04/2018,59
ER24,356015,10013382814,01/30/2020,14
ER15,156051,10136633258,03/06/2017,148
ER13,250050,10117336738,03/18/2017,89
ER13,250052,10014244250,12/28/2020,68
ER15,156051,10012171550,09/06/2018,25
ER24,608078,10148653143,02/13/2022,15
ER13,250051,10128395511,03/02/2020,375
ER32,203002,10114011188,03/21/2022,494
ER13,250013,10102473076,12/24/2019,301
ER15,156067,10014840486,01/22/2019,60
ER11,484085,10124812409,11/25/2022,321
ER19,724023,10111142678,02/23/2017,132
ER23,380004,10012199287,12/14/2018,73
ER31,276005,10013285470,08/30/2020,87
ER11,840083,10013475542,06/09/2020,51
ER19,724025,10138281713,06/07/2017,661
ER15,156065,10013004306,11/04/2022,337
ER32,203002,10134201514,02/27/2020,20
ER23,380001,10001350428,11/21/2020,219
ER15,156067,10012171550,09/10/2018,13
ER11,484058,10120002444,10/31/2017,463
ER11,840071,10147661775,05/28/2019,110
ER13,250054,10105772890,02/05/2022,54
ER37,764011,10010210406,01/18/2019,429
ER13,348065,10123413327,12/30/2020,104
ER32,203002,10137131206,09/27/2019,405
ER15,156031,10011644514,06/25/2020,182
ER11,840084,10013853908,12/21/2022,58
ER24,608006,10011579145,10/23/2022,11
ER12,702096,10010381855,04/30/2022,289
ER37,704025,10012568989,06/08/2022,191
ER13,250009,10129265458,08/02/2020,61
ER70,682020,10133092321,09/20/2021,14
ER13,250016,10001081224,05/24/2017,10
ER15,156067,10118631339,08/18/2017,9
ER12,036017,10115611135,07/26/2022,53
ER11,484056,10010979765,09/16/2019,132
ER15,156051,10011644514,06/22/2020,88
ER24,608006,10139611079,05/16/2021,39
ER37,360006,10118751053,09/07/2017,25
ER13,250032,10145962554,11/13/2018,79
ER11,484057,10119642947,12/18/2022,78
ER13,250016,10121772916,05/14/2017,32
ER31,276001,10011488209,10/15/2022,20
ER13,348061,10107401267,12/16/2018,45
ER11,840073,10012058228,09/25/2019,43
ER13,250024,10123741797,12/27/2017,19
ER24,608006,10100201716,11/10/2021,11
ER24,608006,10127406412,07/18/2020,123
ER32,616005,10127561150,03/24/2017,130
ER22,380002,10012682237,12/19/2018,94
ER24,608006,10104253140,01/24/2021,115
ER12,702096,10012199815,07/13/2018,73
ER11,840073,10013475542,06/13/2020,38
ER24,356016,10107503530,07/14/2019,38
ER32,616005,10110651149,03/24/2017,273
ER15,156047,10011644514,06/29/2020,85
ER13,250054,10137791958,10/27/2021,66
ER13,250053,10011107963,07/22/2020,222
ER24,608006,10120245204,02/25/2019,202
ER15,156067,10011129320,10/09/2018,110
ER19,724035,10014646293,02/21/2022,10
ER24,608006,10013780283,02/13/2021,92
ER15,156067,10010322983,02/06/2018,41
ER13,250013,10011107963,07/18/2020,209
ER13,250019,10134196382,07/02/2022,106
ER11,840073,10147661775,05/28/2019,56
ER24,250056,10126445408,11/17/2018,26
ER35,276001,10010344461,12/10/2019,9
ER32,616005,10014517190,11/03/2020,127
ER15,156057,10115162838,11/17/2018,91
ER15,156051,10130032440,01/18/2023,63
ER31,276003,10001211890,01/06/2020,37
ER11,484058,10014307190,12/12/2017,219
ER12,702096,10014105865,10/17/2018,99
ER24,356015,10126426307,11/23/2022,96
ER13,250015,10010673254,06/07/2021,63
ER13,250052,10001075296,06/21/2017,43
ER31,276005,10001211890,01/03/2020,24
ER15,156068,10014675499,07/19/2019,16
ER15,156043,10001307626,12/03/2022,13
ER19,724025,10122801728,12/28/2020,1483
ER12,036017,10128761985,08/14/2021,56
ER33,250001,10012247329,06/04/2019,85
ER23,380003,10011147808,02/24/2020,88
ER13,250009,10001497343,08/10/2017,81
ER15,156047,10011839303,12/01/2018,16
ER11,484085,10013121615,02/02/2022,410
ER37,360006,10014364818,06/22/2020,77
ER11,484058,10124812409,11/27/2022,64
ER19,724037,10132571070,07/23/2021,28
ER13,250054,10116714815,11/26/2019,85
ER24,356015,10132193537,04/30/2018,44
ER11,840071,10014073337,08/09/2022,30
ER13,250051,10011107963,07/23/2020,168
ER33,250001,10012279111,06/25/2017,48
ER15,156030,10012422906,12/18/2021,350
ER32,203002,10144071444,12/14/2019,390
ER11,484057,10013475542,06/07/2020,123
ER13,250038,10001081224,05/28/2017,92
ER24,356066,10105086472,08/11/2019,43
ER36,348001,10014597263,10/05/2017,33
ER12,702099,10012770774,07/06/2020,23
ER15,156067,10143161536,06/02/2019,11
ER13,100007,10107325965,11/01/2018,544
ER13,250009,10145321278,06/12/2018,104
ER33,250001,10010378163,12/24/2019,64
ER13,250033,10118245078,05/30/2017,26
ER34,040001,10012627237,09/04/2019,22
ER39,752004,10011030749,12/05/2018,14
ER37,360006,10014565278,05/14/2020,14
ER24,356015,10116943452,03/01/2021,101
ER71,826016,10011242382,11/11/2018,33
ER37,360006,10010641309,02/06/2017,10
ER24,356015,10132214157,05/03/2017,128
ER11,840084,10012058228,09/29/2019,33
ER24,250055,10134401230,03/18/2017,32
ER19,250018,10128863045,09/18/2019,124
ER15,156068,10012277378,06/27/2021,100
ER24,608006,10145315418,09/24/2020,80
ER15,156038,10012881473,09/30/2021,69
ER31,276001,10013945386,04/04/2018,28
ER11,076010,10000124379,05/18/2017,14
ER24,608006,10013382814,01/27/2020,11
ER11,484085,10138832230,07/19/2022,277
ER24,608006,10141913676,06/18/2018,99
ER13,428069,10111087553,12/30/2019,82
ER31,276007,10011429916,03/22/2017,34
ER13,250019,10120741599,11/04/2018,17
ER13,250013,10010673254,06/01/2021,304
ER13,348065,10117336738,03/25/2017,97
ER11,484056,10011016746,10/22/2021,80
ER24,356015,10129613711,09/14/2018,47
ER19,724037,10149621073,07/22/2021,33
ER13,100007,10109085962,12/24/2021,683
ER13,250051,10014790868,08/28/2018,207
ER23,380003,10014658329,11/07/2021,109
ER37,360006,10010700645,04/19/2020,21
ER24,250055,10114765396,10/24/2021,13
ER15,156067,10147433521,11/17/2020,365
ER29,276001,10013663332,06/16/2020,72
ER39,752002,10149491249,03/17/2017,55
ER31,276007,10012049932,01/03/2018,36
ER23,380004,10012709288,01/03/2021,38
ER15,156067,10012931333,02/16/2022,15
ER15,156030,10109104432,10/02/2019,166
ER11,840082,10014073337,08/08/2022,17
ER13,250016,10110202107,05/06/2018,8
ER13,250009,10126131196,06/04/2019,106
ER13,250054,10128366819,03/25/2022,66
ER15,156068,10130032440,01/14/2023,21
ER13,250020,10120741599,11/07/2018,24
ER19,724025,10108952181,03/27/2017,23
ER13,250021,10117336738,03/21/2017,169
ER13,348065,10127411846,07/06/2018,118
ER37,360006,10012422349,07/21/2018,54
ER15,156009,10140001218,11/19/2020,21
ER24,608006,10014781901,11/29/2021,155
ER13,250052,10131914287,11/22/2017,97
ER13,250015,10001497343,08/18/2017,43
ER13,250014,10117336738,03/18/2017,20
ER15,156067,10010404687,10/25/2019,13
ER39,208005,10014825547,06/19/2020,156
ER15,156067,10014169606,05/29/2020,103
ER31,276005,10014301468,01/01/2021,49
ER15,156067,10130032440,01/20/2023,37
ER24,840002,10127863903,09/13/2022,22
ER24,356016,10141283133,10/01/2017,20
ER24,840080,10142163521,06/09/2021,22
ER11,840082,10128783991,06/11/2019,209
ER12,702096,10010264365,02/12/2022,157
ER13,250033,10105772890,02/02/2022,128
ER37,360006,10013040353,02/25/2020,47
ER23,380004,10010024278,08/11/2022,38
ER13,250054,10141216454,05/11/2021,53
ER24,356065,10010005565,07/28/2020,27
ER19,724034,10014646293,03/04/2022,24
ER13,250053,10124594709,03/16/2021,119
ER23,380001,10012335804,12/11/2020,158
ER13,250009,10147802097,12/14/2018,46
ER13,250009,10110651539,03/23/2019,96
ER24,608006,10137463508,07/30/2021,127
ER15,156066,10135992145,08/06/2017,27
ER71,826008,10012536529,02/18/2020,119
ER24,356015,10128333833,02/03/2019,94
ER13,250009,10014244250,12/25/2020,79
ER13,250009,10111383335,02/16/2017,75
ER13,250026,10112742468,04/10/2017,39
ER24,840003,10127863903,09/13/2022,37
ER12,356044,10112402167,01/28/2022,794
ER24,608006,10107313287,02/19/2019,262
ER24,608006,10135543398,04/09/2019,158
ER13,250032,10108332532,02/21/2020,134
ER24,356015,10013073632,03/07/2020,113
ER13,428069,10119594047,10/19/2021,32
ER37,360006,10100481217,07/16/2020,30
ER24,356066,10010005565,08/01/2020,24
ER24,356015,10109055264,08/21/2021,94
ER24,608006,10143523149,05/20/2020,58
ER11,840084,10010915763,11/29/2019,43
ER31,276002,10011429916,03/18/2017,38
ER24,356015,10012346909,05/13/2020,90
ER15,156047,10137823684,03/28/2019,29
ER24,356065,10105086472,08/08/2019,28
ER11,484058,10133583291,08/05/2021,24
ER13,250016,10010673254,06/09/2021,16
ER32,616005,10011513107,08/19/2020,156
ER33,250001,10001006628,01/29/2022,83
ER13,250033,10116714815,12/02/2019,68
ER19,724024,10010911637,03/22/2017,21
ER24,608006,10143063466,07/06/2017,134
ER19,724022,10010911637,03/18/2017,92
ER13,348065,10138961696,10/15/2020,97
ER13,250032,10143621758,04/02/2017,74
ER12,356072,10107402462,08/04/2017,88
ER19,250018,10014646293,02/26/2022,76
ER15,156047,10013002806,12/19/2021,51
ER15,156030,10012206300,03/24/2019,69
ER13,250019,10001081224,05/25/2017,47
ER24,608078,10109513131,07/01/2018,16
ER20,156006,10136314503,09/08/2019,10
ER13,250033,10014790868,08/23/2018,309
ER32,616005,10001271497,10/12/2019,293
ER13,250009,10112811564,09/20/2019,204
ER15,156044,10012277378,06/30/2021,67
ER24,356016,10131451873,11/29/2021,26
ER37,360006,10126861672,05/12/2021,18
ER37,360006,10012224346,03/04/2021,18
ER13,250054,10115107435,11/21/2018,10
ER23,380001,10010024278,08/03/2022,308
ER11,484056,10011459760,05/07/2022,121
ER13,250026,10129265458,07/28/2020,73
ER19,250018,10105633067,07/03/2022,24
ER11,840084,10013475542,06/13/2020,31
ER11,840071,10011459760,05/04/2022,190
ER13,250037,10117336738,03/25/2017,98
ER13,250054,10134442278,05/13/2017,79
ER15,156038,10011809644,09/14/2019,25
ER19,724034,10128332081,07/01/2022,16
ER24,356065,10135026480,03/14/2018,12
ER12,702096,10012336890,06/08/2017,105
ER13,250009,10128063773,04/04/2019,88
ER19,724036,10128332081,07/07/2022,50
ER15,156067,10012376530,07/23/2020,35
ER24,784033,10127863903,09/11/2022,24
ER11,484056,10118421652,05/22/2017,28
ER19,170006,10110853333,05/22/2017,20
ER20,250013,10126654118,03/17/2017,21
ER13,250054,10120134704,01/28/2018,51
ER24,528061,10141823710,02/13/2021,53
ER23,380002,10010602718,05/16/2017,51
ER13,250053,10147723134,02/05/2018,95
ER11,484058,10135831911,04/29/2021,114
ER13,250024,10013832732,08/15/2022,28
ER15,156067,10136871332,12/06/2019,24
ER33,250001,10001360895,10/21/2018,19
ER24,840011,10142163521,06/13/2021,9
ER23,380001,10001314410,03/22/2022,150
ER70,792021,10010540835,04/19/2022,89
ER15,156051,10012037290,07/04/2017,75
ER24,608006,10135173178,02/29/2020,30
ER39,578009,10013542760,10/22/2021,34
ER13,250024,10102473076,12/27/2019,28
ER13,250054,10118801965,05/30/2019,28
ER24,608006,10144703435,11/19/2021,115
ER13,250015,10129265458,08/09/2020,76
ER13,250024,10131304274,01/11/2020,58
ER24,840008,10127863903,09/13/2022,30
ER71,826008,10010990673,12/25/2019,189
ER13,250035,10117336738,03/25/2017,169
ER11,484058,10014210277,04/13/2018,179
ER39,578010,10013542760,10/12/2021,71
ER39,208006,10149491249,03/24/2017,53
ER13,250051,10145521850,12/28/2022,33
ER11,484058,10012058228,09/25/2019,171
ER13,250022,10117336738,03/24/2017,174
ER32,203002,10113941585,04/05/2020,133
ER14,056015,10013512770,03/30/2017,89
ER70,792021,10001422377,11/20/2019,121
ER15,156047,10011809644,09/13/2019,51
ER13,250009,10107401267,12/16/2018,31
ER24,608039,10127863903,09/12/2022,18
ER24,250056,10134401230,03/27/2017,13
ER13,250032,10128232084,07/07/2021,68
ER24,608006,10128333833,02/03/2019,59
ER24,528061,10134401230,03/20/2017,59
ER11,484058,10011002609,08/08/2018,774
ER11,484056,10144921689,09/14/2019,189
ER13,250052,10145521850,12/28/2022,115
ER13,250032,10010581899,02/20/2020,92
ER13,250019,10103823237,10/23/2018,38
ER12,702099,10014578864,10/22/2022,29
ER15,156031,10012579417,04/17/2022,26
ER12,036017,10138921050,06/01/2022,16
ER15,156068,10011809644,09/10/2019,11
ER11,484058,10119642947,12/16/2022,75
ER13,250015,10014644252,12/03/2017,56
ER72,356060,10111901118,12/10/2020,40
ER15,156065,10013076309,08/17/2022,35
ER13,428069,10142503432,06/12/2020,24
ER24,356015,10142163521,06/16/2021,32
ER24,356016,10127784405,06/28/2021,22
ER13,040005,10117336738,03/16/2017,8
ER31,276003,10011429916,03/22/2017,10
ER14,056015,10013479352,03/17/2020,317
ER12,702099,10137971061,11/09/2021,287
ER13,250053,10147802097,12/11/2018,144
ER11,484058,10132371535,02/25/2022,154
ER13,250052,10106611929,08/03/2022,93
ER13,250018,10140444444,04/21/2019,127
ER71,826016,10010990673,01/03/2020,96
ER11,840053,10001249616,10/25/2018,52
ER71,826010,10129481727,03/14/2017,59
ER12,356056,10148773325,03/06/2020,46
ER15,156050,10010894503,12/03/2022,29
ER13,348061,10126131196,06/08/2019,34
ER71,826018,10013821492,08/24/2021,17
ER13,250018,10117336738,03/16/2017,290
ER13,250009,10001075296,06/15/2017,103
ER24,356015,10110142311,07/22/2018,41
ER11,484056,10120151416,02/05/2019,40
ER12,356031,10013021896,11/30/2019,42
ER13,428069,10141216454,05/18/2021,29
ER11,484056,10013475542,06/17/2020,26
ER37,360006,10012963345,04/16/2022,20
ER15,156043,10013004306,11/11/2022,14
ER13,250013,10149983349,03/10/2019,154
ER13,250033,10001107991,12/14/2019,167
ER11,484056,10149871867,02/05/2017,55
ER71,826018,10012907204,11/05/2021,49
ER24,036047,10149855176,09/08/2022,31
ER24,250056,10149365451,01/10/2018,30
ER19,250018,10104252248,01/17/2021,23
ER13,348061,10013832732,08/10/2022,17
ER24,156014,10127863903,09/07/2022,12
ER37,360006,10010621271,10/19/2019,9
ER32,203002,10123511208,11/26/2021,449
ER11,484085,10146821459,02/07/2022,146
ER13,250013,10107401267,12/13/2018,87
ER11,484058,10147661775,06/04/2019,44
ER13,250054,10115083408,10/10/2018,40
ER11,840073,10010915763,11/25/2019,36
ER24,356016,10149055160,11/27/2017,28
ER13,428069,10124216741,10/10/2022,23
ER13,250020,10128063773,03/28/2019,23
ER13,250030,10131304274,01/05/2020,10
ER13,250009,10148471325,10/05/2019,235
ER11,484058,10010915763,11/27/2019,183
ER12,356031,10011763151,11/17/2021,183
ER13,250013,10138836211,12/02/2019,166
ER14,056015,10012567347,06/25/2022,144
ER39,208006,10013542760,10/22/2021,85
ER24,608006,10147903828,12/02/2021,96
ER14,056015,10112812788,03/18/2017,49
ER37,360006,10137971482,08/30/2021,52
ER71,826018,10010544573,08/19/2019,26
ER13,348061,10102473076,12/29/2019,11
ER31,276001,10011429916,03/27/2017,11
ER23,380003,10010024278,08/10/2022,104
ER11,840071,10014210277,04/03/2018,44
ER71,826001,10129481727,03/21/2017,22
ER13,250021,10146937092,07/24/2017,367
ER11,840071,10013121615,02/01/2022,183
ER13,250033,10147802097,12/10/2018,104
ER24,356015,10139993385,02/11/2022,68
ER24,356015,10148623422,12/27/2017,51
ER13,250020,10111383335,02/22/2017,18
ER19,724025,10148351723,10/31/2018,64
ER13,348065,10001075296,06/21/2017,61
ER33,250001,10001072597,08/18/2017,47
ER13,250019,10145962554,11/06/2018,31
ER12,356053,10107402462,08/02/2017,34
ER24,250056,10141175459,08/07/2022,12
ER15,156050,10133081106,10/29/2022,239
ER11,840082,10010973877,12/05/2018,114
ER13,250053,10111383335,02/23/2017,74
ER13,250054,10145021635,04/08/2021,75
ER13,348065,10013659126,11/24/2021,72
ER13,250015,10130471884,01/09/2022,65
ER15,156050,10011644514,06/22/2020,35
ER13,250009,10108063663,01/07/2021,29
ER15,156067,10139972575,06/25/2020,36
ER37,360006,10117061228,03/06/2020,34
ER15,156047,10010976642,07/10/2020,30
ER15,156030,10012219307,04/29/2022,21
ER12,036017,10103512034,08/11/2017,21
ER13,250033,10145962554,11/01/2018,13
ER21,616002,10013199741,05/19/2017,103
ER11,484056,10132371535,03/02/2022,66
ER37,764011,10130612092,02/24/2020,47
ER13,250032,10122602620,05/25/2019,57
ER35,276001,10010282267,01/03/2021,36
ER15,156029,10014914395,03/01/2021,34
ER15,156030,10103071822,03/04/2022,27
ER15,156054,10013002806,12/23/2021,24
ER13,250022,10125541032,03/30/2020,205
ER11,484085,10014210277,04/14/2018,210
ER11,840071,10011866492,08/14/2019,104
ER19,724023,10132111850,01/31/2020,129
ER24,608006,10146603910,12/16/2020,104
ER71,826008,10014753196,08/16/2022,68
ER29,276001,10010168327,10/22/2021,75
ER15,156063,10012219307,05/07/2022,88
ER72,356059,10111901118,12/05/2020,40
ER24,356016,10140483877,10/03/2020,19
ER24,356065,10122536474,04/14/2022,20
ER24,608078,10120245204,02/21/2019,14
ER13,250031,10010673254,06/03/2021,7
ER11,484085,10132094021,03/07/2018,169
ER11,484058,10120151416,01/30/2019,93
ER12,702096,10012333860,08/21/2022,82
ER11,484081,10136691855,07/27/2019,57
ER13,250009,10010673254,06/11/2021,56
ER71,826016,10011258398,06/30/2022,40
ER35,276001,10012735556,04/04/2022,29
ER24,784032,10127863903,09/06/2022,29
ER19,724037,10116481076,07/29/2021,20
ER13,348061,10001497343,08/14/2017,12
ER24,156012,10139993385,02/13/2022,8
ER13,250009,10109651512,02/08/2018,186
ER13,250033,10011614241,05/02/2018,98
ER11,840082,10014210277,04/14/2018,58
ER13,250052,10001081224,05/20/2017,26
ER15,156065,10012206300,03/31/2019,32
ER13,250032,10140963636,12/18/2019,36
ER13,643081,10102473076,12/28/2019,36
ER11,840065,10011266616,12/10/2020,21
ER23,380003,10012788751,07/17/2022,11
ER13,250020,10001075296,06/14/2017,7
ER13,250013,10105772890,02/04/2022,86
ER15,156051,10014064543,02/02/2018,83
ER24,356015,10128121705,05/04/2022,61
ER32,203002,10128861361,06/30/2021,46
ER24,356016,10116943452,03/07/2021,12
ER15,156063,10012467400,02/06/2017,169
ER13,250038,10102473076,12/25/2019,160
ER23,380003,10013372306,11/05/2021,91
ER11,840053,10014210277,04/12/2018,64
ER19,724036,10014646293,02/23/2022,48
ER13,250020,10145021635,04/11/2021,28
ER13,250024,10128631521,11/25/2018,16
ER31,276001,10001028693,04/12/2018,13
ER15,156030,10012155311,07/15/2018,10
ER11,484085,10014206612,02/26/2019,139
ER11,484085,10149871867,02/16/2017,95
ER13,250052,10138204433,10/03/2020,92
ER13,250054,10014129148,04/04/2021,73
ER15,156051,10011424525,07/30/2017,71
ER13,250015,10012820249,10/19/2018,64
ER33,250001,10012246358,12/12/2018,45
ER37,704025,10115031666,10/06/2017,32
ER32,203002,10124761572,03/17/2017,29
ER29,276001,10011392431,09/01/2022,27
ER24,356065,10134516473,06/29/2018,8
ER13,250013,10001075296,06/23/2017,158
ER15,156067,10123652825,05/27/2018,109
ER37,704025,10010279639,08/25/2021,96
ER37,764011,10012480380,04/12/2019,94
ER24,608006,10124893114,01/31/2021,92
ER37,764011,10010050590,07/27/2020,58
ER70,792024,10010540835,04/19/2022,36
ER15,156038,10101821551,08/18/2017,42
ER22,380003,10011415610,06/29/2020,25
ER13,348061,10010673254,06/12/2021,19
ER24,356066,10014183357,04/23/2022,16
ER19,250018,10118691674,12/13/2018,13
ER70,792024,10010288353,01/07/2018,11
ER13,250038,10147802097,12/15/2018,69
ER23,380001,10012904768,12/26/2019,57
ER23,380001,10012339703,10/20/2022,45
ER72,356057,10111901118,12/07/2020,26
ER24,356016,10132214157,05/06/2017,32
ER13,250033,10001081224,05/30/2017,19
ER13,250012,10105772890,02/02/2022,16
ER24,250055,10139611079,05/18/2021,14
ER13,250020,10147802097,12/18/2018,10
ER70,792021,10013582480,04/19/2022,519
ER11,484085,10135771522,02/25/2018,193
ER11,840082,10001249616,10/25/2018,83
ER13,250053,10111391042,06/16/2019,58
ER15,156065,10012219307,04/27/2022,60
ER23,380001,10001423274,04/26/2021,46
ER11,840053,10013475542,06/18/2020,38
ER13,250013,10001497343,08/16/2017,51
ER13,250020,10001081224,05/24/2017,19
ER12,702099,10137651060,12/07/2022,9
ER37,764011,10012990526,02/03/2020,93
ER12,356057,10139313504,08/20/2021,62
ER15,156063,10012155311,07/12/2018,54
ER13,250015,10126185444,11/01/2018,34
ER72,356058,10111901118,12/13/2020,38
ER12,702096,10133191070,06/30/2017,27
ER31,276004,10011429916,03/23/2017,28
ER24,250055,10116175435,02/28/2018,11
ER12,356044,10141541924,02/04/2022,259
ER71,826008,10117271423,01/02/2021,57
ER71,826018,10100911490,09/04/2022,65
ER15,156051,10011244574,08/11/2022,55
ER13,250033,10128366819,03/26/2022,32
ER13,250015,10012380756,12/26/2020,35
ER33,250001,10013792217,01/04/2021,22
ER15,156067,10011970641,05/01/2022,18
ER15,156043,10012219307,04/30/2022,22
ER11,840084,10147661775,05/28/2019,17
ER18,458002,10001406970,01/30/2021,10
ER15,156063,10012579417,04/20/2022,10
ER24,250056,10135194524,06/09/2018,7
ER11,840084,10001249616,10/27/2018,8
ER13,250012,10120134704,02/09/2018,100
ER13,250038,10143992181,10/20/2019,92
ER13,250021,10140486126,04/04/2018,74
ER13,250052,10125541032,03/26/2020,64
ER12,702096,10133871190,01/02/2021,47
ER23,380004,10001423056,04/01/2022,46
ER12,410081,10135841114,05/01/2021,44
ER15,156067,10142523529,10/16/2022,26
ER24,608006,10126814007,02/25/2018,21
ER20,840085,10107712791,08/24/2022,15
ER37,360006,10124751307,04/20/2018,11
ER24,250055,10105356333,10/11/2018,12
ER15,156061,10013004306,11/09/2022,11
ER13,250054,10143992181,10/17/2019,11
ER70,682012,10131772153,05/24/2017,10
ER24,608006,10149055160,11/23/2017,64
ER32,203002,10107231509,01/09/2023,66
ER12,702096,10011803853,02/25/2021,56
ER13,250052,10012820249,10/13/2018,50
ER32,203002,10125951526,10/18/2018,53
ER33,250001,10013214279,08/17/2019,31
ER13,250019,10113314814,10/02/2017,36
ER13,250013,10012820249,10/19/2018,27
ER13,250014,10126131196,06/01/2019,25
ER12,392076,10012770774,07/11/2020,21
ER16,818001,10013190168,05/21/2017,24
ER31,276002,10001028693,04/10/2018,21
ER35,276001,10014442620,01/05/2021,17
ER24,840003,10141823710,02/09/2021,13
ER13,250038,10112161856,07/02/2022,223
ER13,250009,10137332651,05/22/2019,195
ER13,250013,10001275846,08/24/2020,115
ER11,840053,10126512612,04/16/2021,67
ER13,250052,10011363778,03/01/2020,60
ER13,250009,10126185444,10/19/2018,62
ER11,840080,10121742275,03/19/2021,46
ER13,250009,10014734242,11/26/2018,43
ER15,156067,10110743350,10/24/2021,43
ER15,156067,10010894503,12/06/2022,44
ER37,360007,10135181385,05/10/2018,45
ER13,250015,10120703095,02/26/2022,41
ER13,250020,10115292717,04/16/2020,25
ER71,826008,10107521138,02/24/2018,23
ER13,250015,10001275846,08/23/2020,22
ER19,170006,10105622721,02/17/2017,11
ER23,380004,10001423274,04/30/2021,10
ER24,840080,10109763729,12/23/2021,10
ER11,484085,10011459760,05/05/2022,399
ER15,156031,10014669397,11/26/2018,122
ER11,484056,10120002444,11/09/2017,109
ER13,250009,10001107991,12/04/2019,70
ER23,380003,10012199287,12/11/2018,57
ER32,616005,10012878969,06/15/2020,49
ER37,360006,10014898747,08/16/2021,38
ER13,250054,10140323775,06/04/2020,47
ER13,250051,10120741599,11/16/2018,21
ER13,250032,10120741599,11/09/2018,26
ER15,156050,10013002806,12/13/2021,25
ER21,616002,10011300878,03/22/2017,18
ER12,356053,10014498898,07/09/2018,13
ER11,840083,10001249616,11/04/2018,13
ER11,484085,10013986759,01/19/2021,260
ER11,484085,10013821124,10/26/2021,64
ER15,156067,10014460571,02/25/2020,51
ER14,056015,10127802312,02/24/2020,43
ER13,250009,10140444444,04/22/2019,42
ER12,702096,10014936759,04/02/2021,36
ER23,380001,10011412715,05/26/2017,26
ER24,356015,10148624548,06/27/2020,21
ER13,348061,10142572867,11/18/2018,18
ER19,724037,10108681986,12/02/2018,8
ER13,250050,10116762536,04/06/2018,192
ER15,156044,10147961676,02/04/2018,105
ER13,348063,10014084150,02/27/2020,84
ER11,840071,10149871867,02/07/2017,58
ER11,840082,10014941693,03/23/2021,62
ER11,840053,10132371535,03/05/2022,48
ER15,156051,10102181904,07/17/2020,24
ER13,250032,10143674117,02/18/2018,22
ER15,156067,10013076309,08/16/2022,26
ER35,276001,10014809224,06/16/2020,18
ER13,250052,10111383335,02/22/2017,20
ER33,250001,10014404359,06/06/2018,20
ER13,250024,10001075296,06/16/2017,15
ER13,250009,10131914287,11/28/2017,8
ER32,616009,10011503500,07/07/2020,9
ER13,348061,10127411846,07/07/2018,7
ER13,250018,10014084150,02/29/2020,190
ER23,380001,10000146787,02/08/2018,127
ER11,484085,10010973877,11/29/2018,118
ER13,250038,10001075296,06/24/2017,91
ER15,156066,10105821061,06/09/2019,77
ER13,250013,10112927095,05/19/2017,63
ER15,156066,10013833827,05/30/2021,68
ER32,203002,10103741475,09/29/2022,41
ER23,380003,10012286735,03/25/2020,42
ER37,704025,10100021210,07/09/2017,39
ER11,840082,10010154803,12/18/2020,33
ER24,356015,10139094255,01/28/2021,23
ER15,156046,10121911805,06/28/2018,16
ER24,840011,10122213384,01/15/2021,10
ER11,484085,10120002444,11/04/2017,184
ER11,484081,10011266616,12/12/2020,160
ER13,250009,10128582648,05/13/2018,117
ER24,608006,10132824167,01/03/2021,64
ER24,608006,10127216386,09/13/2021,46
ER15,156050,10014840486,01/28/2019,31
ER13,250054,10146313294,03/21/2022,23
ER23,380004,10012012836,06/06/2019,32
ER24,392050,10141823710,02/16/2021,20
ER13,250033,10134442278,05/14/2017,18
ER23,380003,10000146787,02/06/2018,9
ER13,250009,10138204433,10/08/2020,72
ER24,608006,10110684645,12/13/2022,63
ER13,250013,10125327696,12/04/2020,67
ER24,608006,10113824071,05/03/2020,47
ER24,608006,10128121705,05/04/2022,51
ER13,250054,10120321495,12/02/2017,41
ER33,250001,10012295436,08/08/2020,31
ER15,156067,10011575537,03/20/2022,28
ER13,348064,10117336738,03/22/2017,23
ER71,826018,10103511778,03/22/2022,20
ER11,840082,10132094021,03/17/2018,25
ER32,203002,10128981445,05/25/2017,22
ER70,792021,10001167247,11/27/2017,20
ER33,250001,10013038367,05/24/2019,15
ER23,380003,10012709288,01/05/2021,9
ER19,250018,10138963135,05/20/2019,11
ER24,250056,10106765340,07/22/2022,9
ER11,840073,10001249616,11/06/2018,7
ER13,250038,10136665560,06/15/2022,120
ER13,250018,10149821746,02/21/2018,57
ER11,840080,10145334981,12/05/2019,61
ER13,250038,10001497343,08/14/2017,67
ER32,203002,10136121430,02/21/2020,44
ER15,156050,10010870412,12/20/2021,31
ER13,250013,10014244250,01/07/2021,23
ER13,250050,10014244250,12/30/2020,27
ER15,156050,10013434312,11/21/2017,19
ER13,250054,10126131196,06/03/2019,26
ER24,356066,10136653837,10/08/2019,18
ER31,276002,10011666917,07/19/2017,18
ER15,156009,10115162838,11/24/2018,15
ER19,724037,10113811948,11/25/2018,15
ER19,724037,10145991071,07/25/2021,11
ER13,250032,10120134704,02/03/2018,133
ER15,156044,10010976642,07/08/2020,127
ER11,484081,10146821459,02/08/2022,109
ER13,250050,10014790868,08/19/2018,94
ER11,840082,10146821459,02/17/2022,89
ER13,250022,10131063474,12/16/2020,68
ER13,100007,10117336738,03/18/2017,80
ER32,203002,10125321447,02/01/2018,58
ER13,250009,10119441804,06/10/2017,70
ER13,348065,10128063773,03/31/2019,63
ER24,608006,10130783365,11/26/2022,47
ER24,356015,10145315418,09/17/2020,44
ER11,484058,10149871867,02/09/2017,48
ER32,616005,10149681138,06/16/2022,36
ER15,156066,10014669397,12/02/2018,24
ER11,484056,10014127744,03/12/2020,25
ER24,608006,10116923132,09/12/2022,20
ER13,250014,10123741797,01/09/2018,9
ER37,360006,10014176567,03/08/2019,94
ER11,484057,10013821124,10/26/2021,70
ER13,348065,10109651512,02/05/2018,31
ER37,360006,10013233686,02/05/2018,34
ER12,702096,10140751017,02/26/2021,37
ER15,156030,10014569561,06/18/2019,24
ER12,356053,10105212109,07/12/2017,21
ER24,356015,10146884342,08/05/2020,16
ER24,356016,10142163521,06/09/2021,10
ER13,250018,10118342050,12/24/2021,356
ER13,348065,10132443895,11/12/2017,104
ER13,250038,10145604155,03/15/2022,72
ER13,250052,10148471325,10/10/2019,71
ER13,250009,10130021356,04/22/2019,78
ER12,702096,10119041071,06/04/2021,52
ER37,704025,10144851023,06/04/2021,41
ER15,156051,10125771076,10/26/2018,35
ER19,724023,10012163155,02/28/2020,25
ER15,156057,10010976642,07/08/2020,20
ER24,156012,10140483877,10/06/2020,21
ER31,276002,10012049932,01/13/2018,27
ER19,724023,10134042323,12/19/2020,17
ER32,203002,10129661527,09/25/2017,16
ER13,250015,10142617024,06/13/2020,13
ER15,156051,10013935373,08/09/2022,17
ER11,484056,10135831911,04/23/2021,13
ER13,250014,10107401267,12/13/2018,14
ER24,784033,10141823710,02/15/2021,12
ER13,250014,10131304274,01/05/2020,8
ER24,608039,10141823710,02/16/2021,9
ER13,250020,10000145164,01/03/2018,10
ER13,250020,10011559788,06/18/2019,109
ER23,380001,10014584789,08/10/2022,76
ER71,826016,10107521138,02/21/2018,67
ER71,826008,10125981294,10/08/2022,48
ER13,250020,10138472642,04/05/2017,51
ER13,250038,10014644252,12/03/2017,52
ER13,250009,10148962650,01/13/2019,38
ER32,203002,10102281524,07/15/2022,35
ER11,484056,10108761435,11/15/2017,41
ER13,250013,10014644252,12/02/2017,36
ER29,276001,10000120827,05/16/2018,24
ER13,250015,10106611929,08/09/2022,23
ER24,608006,10133524237,05/05/2019,23
ER13,348063,10138893519,10/23/2017,21
ER13,250033,10128232084,07/04/2021,27
ER15,156068,10013434312,11/17/2017,21
ER13,348063,10117336738,03/25/2017,19
ER70,792021,10001053551,12/22/2019,11
ER15,156067,10013002806,12/13/2021,13
ER13,250019,10120481365,04/18/2020,14
ER37,360006,10130591233,05/21/2017,15
ER71,826018,10010947460,04/06/2021,12
ER13,250052,10013832732,08/14/2022,10
ER13,250033,10012380756,12/20/2020,11
ER24,356016,10132685988,07/30/2021,9
ER13,250038,10014132487,11/20/2017,96
ER11,484058,10011617665,11/13/2022,83
ER11,484085,10109181894,01/16/2018,103
ER23,380001,10001423056,04/11/2022,93
ER15,156068,10013002806,12/23/2021,62
ER13,100007,10133837195,10/21/2018,78
ER12,702096,10135871830,05/30/2022,62
ER15,156030,10123652825,05/31/2018,75
ER13,250050,10149821746,02/20/2018,54
ER15,156013,10001018260,11/02/2021,41
ER37,360006,10114511127,02/13/2021,27
ER12,702096,10014478902,07/19/2021,38
ER24,608006,10118773274,11/19/2017,25
ER11,840071,10132371535,03/03/2022,23
ER31,276004,10011488209,10/07/2022,14
ER13,250054,10011614241,04/22/2018,16
ER24,250056,10116175435,03/04/2018,16
ER11,484058,10011866492,08/25/2019,12
ER20,840002,10127262947,12/10/2020,15
ER37,360007,10010002465,06/03/2022,13
ER15,156051,10137511263,06/12/2021,13
ER13,250019,10115292717,04/14/2020,8
ER15,156043,10117163942,05/30/2017,1300
ER12,356044,10127663032,04/21/2021,130
ER13,250020,10014360852,07/12/2019,154
ER11,840053,10146821459,02/09/2022,86
ER13,250013,10101471328,05/28/2022,65
ER11,484085,10014033220,11/21/2021,59
ER15,156068,10012881473,09/29/2021,43
ER13,250038,10138472642,04/07/2017,31
ER37,764011,10013895422,07/27/2017,25
ER15,156051,10013076309,08/18/2022,30
ER13,250013,10105423404,05/04/2022,22
ER13,250054,10128232084,07/06/2021,24
ER13,250013,10147802097,12/05/2018,27
ER15,156050,10010404687,10/21/2019,15
ER13,250019,10010581899,02/23/2020,15
ER31,276005,10011429916,03/21/2017,12
ER31,276004,10013285470,08/23/2020,14
ER36,348001,10011001154,01/29/2020,14
ER33,250001,10000109717,12/07/2017,8
ER12,356044,10107101873,12/09/2017,104
ER13,250009,10127701351,04/13/2022,132
ER11,484058,10011459760,05/06/2022,72
ER37,764011,10146771057,12/20/2020,70
ER12,702096,10011384875,07/02/2022,46
ER15,156067,10115162838,11/18/2018,41
ER11,484058,10135551460,04/30/2017,29
ER13,250013,10139342320,01/10/2023,22
ER71,826008,10100911490,09/06/2022,26
ER32,203002,10113151433,04/06/2017,25
ER24,356015,10120245204,03/02/2019,19
ER37,764011,10134731770,05/05/2019,14
ER12,036017,10011455903,03/11/2021,14
ER37,360006,10101851076,06/02/2019,12
ER15,156065,10010404687,10/18/2019,11
ER24,356066,10114966377,12/21/2019,9
ER24,356016,10128363857,08/25/2017,7
ER13,250038,10141862875,03/25/2020,167
ER15,156063,10010257414,12/19/2022,189
ER11,484085,10144921689,09/15/2019,148
ER12,356031,10105212109,07/18/2017,146
ER11,840071,10141732270,06/15/2018,97
ER36,348001,10012169299,12/02/2019,95
ER32,616005,10013321978,01/26/2017,104
ER11,840082,10118421652,05/23/2017,77
ER37,704025,10143611435,07/15/2017,66
ER13,250052,10126185444,10/29/2018,40
ER13,250033,10010417933,02/04/2019,49
ER13,250009,10145521850,12/29/2022,34
ER32,203002,10103621424,04/23/2020,43
ER70,792021,10001454616,01/15/2022,32
ER11,840071,10135551460,05/02/2017,32
ER23,380003,10012017784,10/22/2019,35
ER13,250021,10149821746,02/23/2018,24
ER13,250009,10139231435,10/21/2022,30
ER13,250015,10116762536,04/03/2018,21
ER24,356015,10131044256,09/16/2018,21
ER24,528057,10140483877,10/08/2020,21
ER13,250015,10143674117,02/15/2018,14
ER13,250019,10137791958,10/26/2021,17
ER15,156047,10012155311,07/11/2018,10
ER19,250018,10133622690,06/23/2017,11
ER13,250022,10112782367,11/29/2017,132
ER13,250052,10109651512,01/31/2018,104
ER13,250022,10110122812,02/24/2022,137
ER15,156030,10101821551,08/13/2017,81
ER13,250018,10131063474,12/16/2020,65
ER71,826008,10140181737,12/04/2019,41
ER24,356015,10147903828,11/27/2021,40
ER13,250038,10120481365,04/13/2020,33
ER12,702096,10010228879,04/01/2019,39
ER24,608006,10125233522,11/21/2017,24
ER19,724023,10110881680,06/21/2021,30
ER11,840082,10013475542,06/07/2020,22
ER37,764011,10132821950,02/14/2019,23
ER12,356057,10141391593,07/10/2019,30
ER15,156067,10011882544,01/02/2018,22
ER15,156067,10116001444,06/02/2021,27
ER19,724023,10132332266,04/02/2018,26
ER37,764011,10011107294,05/25/2020,17
ER13,250009,10125541032,03/29/2020,18
ER19,724034,10130401742,08/04/2022,24
ER13,250024,10014244250,12/30/2020,15
ER24,356015,10117715249,04/21/2018,22
ER13,250033,10133365063,10/02/2021,10
ER15,156057,10010979604,03/12/2021,13
ER23,380004,10012637716,01/08/2023,12
ER13,250019,10118801965,06/01/2019,11
ER19,250018,10115343136,01/12/2019,10
ER37,360007,10144971779,05/29/2021,8
ER13,348063,10001107991,12/05/2019,8
ER12,356044,10012549146,09/06/2022,240
ER15,156068,10011839303,12/13/2018,104
ER13,250053,10107713406,08/10/2022,89
ER13,250050,10135492110,06/29/2020,52
ER32,616005,10011025186,07/13/2022,53
ER15,156051,10012881473,10/02/2021,49
ER20,840081,10107712791,08/23/2022,48
ER11,484081,10011459760,05/13/2022,27
ER13,250018,10012472627,04/14/2019,33
ER12,702096,10012770774,07/15/2020,29
ER39,208006,10126371077,09/05/2022,19
ER13,348065,10128582648,05/07/2018,19
ER13,250051,10010417933,01/30/2019,28
ER37,704025,10132391366,06/22/2021,20
ER13,250051,10001081224,05/29/2017,12
ER24,356015,10132824167,01/03/2021,13
ER70,792021,10001330213,05/09/2018,14
ER12,410081,10011648887,02/12/2022,11
ER24,356066,10124573657,07/07/2017,13
ER24,356015,10128363857,08/16/2017,13
ER24,356016,10148623422,12/28/2017,11
ER31,276007,10010977699,05/01/2018,9
ER23,380004,10011404835,12/26/2020,8
ER19,724023,10014435687,12/16/2018,1572
ER11,840080,10013055951,04/09/2019,205
ER13,100007,10116174778,06/30/2018,153
ER13,250050,10100734995,03/25/2021,78
ER19,724023,10010050952,02/03/2018,64
ER37,764011,10011255672,05/04/2020,51
ER11,484058,10010973877,11/27/2018,50
ER13,250022,10139062685,02/04/2018,38
ER13,250053,10144774554,11/18/2020,34
ER13,250009,10013437229,07/14/2019,45
ER11,840053,10149871867,02/12/2017,34
ER11,484085,10126512612,04/16/2021,40
ER24,356015,10126983258,07/24/2022,33
ER11,484085,10013475542,06/18/2020,31
ER13,250053,10143992181,10/21/2019,23
ER13,250033,10134196382,07/11/2022,25
ER13,250015,10127701351,04/05/2022,21
ER13,250033,10140444444,04/19/2019,21
ER15,156065,10011205802,08/28/2018,18
ER13,250021,10145032845,10/10/2017,20
ER12,702096,10137651060,12/04/2022,25
ER13,250033,10001075296,06/24/2017,22
ER32,203002,10126081416,03/21/2020,16
ER13,250026,10107482696,12/26/2020,15
ER15,156057,10012881473,09/30/2021,13
ER70,792021,10010466312,08/04/2022,12
ER23,380004,10013813834,05/31/2021,12
ER11,484058,10118421652,05/27/2017,10
ER11,840080,10014033220,11/22/2021,195
ER32,616005,10014731108,02/23/2020,65
ER13,250022,10117733145,06/25/2022,51
ER11,484057,10011002609,08/15/2018,47
ER32,616005,10014229972,11/20/2021,30
ER15,156051,10014989937,07/11/2020,27
ER32,616005,10010903129,07/07/2020,26
ER24,356015,10127863903,09/04/2022,22
ER32,616005,10104291017,10/24/2019,19
ER13,250021,10108476782,04/25/2022,20
ER13,250032,10139062685,01/25/2018,24
ER13,428069,10011614241,05/03/2018,24
ER15,156029,10130032440,01/20/2023,26
ER13,250053,10120321495,11/29/2017,17
ER13,250054,10147381860,06/14/2019,20
ER15,156031,10101821551,08/17/2017,16
ER13,250033,10143992181,10/17/2019,21
ER15,156067,10146794479,05/20/2017,19
ER19,250018,10131241869,07/13/2021,19
ER13,348061,10143992181,10/23/2019,16
ER19,724023,10012651717,05/09/2017,14
ER24,840008,10118194253,12/25/2017,12
ER13,250019,10011107963,07/30/2020,13
ER37,360007,10116491803,10/18/2019,11
ER15,156052,10011644514,06/27/2020,10
ER12,356031,10127663032,04/21/2021,186
ER15,156031,10010257414,12/22/2022,146
ER13,250022,10010417933,02/10/2019,80
ER15,156030,10011839303,12/11/2018,89
ER11,484085,10135831911,04/28/2021,72
ER13,250013,10116762536,04/01/2018,67
ER13,250020,10010417933,02/09/2019,62
ER13,250038,10010673254,06/06/2021,54
ER12,356053,10012549146,09/03/2022,33
ER24,356015,10137623481,05/09/2020,29
ER31,276005,10001028693,04/11/2018,32
ER12,702096,10126461520,12/08/2019,26
ER19,250018,10148783076,08/04/2022,26
ER71,826018,10108211411,01/16/2017,25
ER11,484058,10014127744,03/18/2020,26
ER24,608006,10137623481,05/03/2020,18
ER15,156044,10012260707,03/10/2022,23
ER15,156030,10149211374,05/29/2022,17
ER13,250021,10134217131,10/06/2021,19
ER13,250050,10145521850,01/03/2023,23
ER13,250032,10103823237,10/27/2018,18
ER13,428069,10115083408,10/17/2018,19
ER15,156051,10117173246,05/12/2020,13
ER31,276005,10011474367,05/01/2021,16
ER13,250013,10013832732,08/14/2022,11
ER20,840002,10142125274,10/20/2021,11
ER13,250010,10117336738,03/25/2017,14
ER31,276002,10000122813,01/20/2018,9
ER15,156013,10010685474,09/13/2019,11
ER15,156031,10012219307,04/30/2022,9
ER15,156013,10131581608,05/24/2018,1051
ER15,156029,10012467400,02/05/2017,218
ER13,250051,10106611929,08/09/2022,92
ER13,250050,10148471325,10/07/2019,57
ER15,156067,10113262268,07/15/2018,54
ER31,276001,10014299473,04/13/2021,59
ER12,702096,10014435874,08/04/2019,61
ER12,702096,10013370881,09/02/2018,53
ER13,250053,10145962554,11/07/2018,41
ER13,250021,10145604155,03/09/2022,57
ER13,250038,10107482696,01/05/2021,45
ER13,250009,10136194170,10/02/2017,39
ER12,356058,10135624454,06/16/2020,28
ER13,250033,10116762536,04/02/2018,31
ER12,356056,10011763151,11/17/2021,28
ER23,380001,10013113708,01/02/2023,19
ER13,250009,10139062685,01/25/2018,24
ER15,156043,10137823684,03/24/2019,13
ER15,156054,10014914395,03/08/2021,13
ER13,428069,10146313294,03/21/2022,19
ER12,356051,10107402462,07/31/2017,19
ER13,250050,10147802097,12/13/2018,17
ER20,250013,10119895050,12/05/2017,14
ER24,356015,10013780283,02/08/2021,15
ER19,724037,10012918640,10/25/2017,13
ER11,840053,10120151416,02/01/2019,11
ER13,250052,10147802097,12/17/2018,10
ER37,360006,10148691161,09/12/2017,9
ER13,250021,10120741599,11/16/2018,8
ER13,250038,10106611929,08/10/2022,123
ER12,356044,10001486747,10/27/2022,75
ER13,348065,10107482696,01/02/2021,61
ER13,250051,10148471325,10/05/2019,57
ER11,484085,10118421652,06/03/2017,51
ER15,156031,10010685474,09/20/2019,36
ER15,156031,10116001444,06/08/2021,33
ER13,250018,10133837195,10/07/2018,32
ER13,250050,10125541032,03/20/2020,31
ER33,250001,10010376365,10/28/2019,30
ER11,840079,10014736909,08/03/2020,34
ER13,348063,10013255127,10/02/2022,44
ER15,156067,10139902108,06/14/2018,28
ER13,250022,10011363778,02/27/2020,34
ER39,752001,10105561271,11/30/2017,22
ER13,250054,10106293502,02/24/2018,28
ER13,250019,10124432276,05/26/2021,22
ER13,250038,10013660607,11/19/2020,19
ER15,156051,10103082314,03/24/2022,18
ER13,250052,10011107963,07/23/2020,24
ER11,840082,10013821124,10/29/2021,17
ER14,056015,10013382353,06/25/2021,20
ER24,356015,10122413639,12/04/2021,17
ER13,250052,10128063773,04/04/2019,15
ER13,348061,10129265458,07/31/2020,17
ER23,380003,10001193845,03/09/2019,16
ER23,380004,10014275905,02/10/2020,13
ER23,380001,10014081776,03/31/2019,13
ER32,203002,10144641425,01/15/2018,16
ER37,704025,10121001587,09/29/2020,11
ER11,840082,10149871867,02/06/2017,14
ER24,356015,10104253140,01/23/2021,13
ER19,724023,10011767132,06/20/2017,15
ER24,608006,10149733694,05/20/2017,13
ER13,250032,10136703473,01/09/2019,12
ER13,250033,10115292717,04/17/2020,9
ER15,156051,10133081106,10/27/2022,11
ER32,616005,10143221126,11/19/2017,13
ER11,840080,10014073337,08/19/2022,9
ER11,484058,10010665758,11/12/2017,163
ER13,250051,10125541032,03/26/2020,61
ER11,840080,10146821459,02/12/2022,57
ER13,250013,10130471884,01/14/2022,63
ER13,250033,10120321495,12/04/2017,70
ER13,100007,10117733145,06/20/2022,67
ER32,203002,10140551541,08/14/2022,50
ER12,702096,10013892872,02/22/2021,45
ER37,704025,10116511474,11/14/2020,30
ER13,348065,10142133518,11/17/2022,35
ER13,250050,10101261001,09/21/2019,32
ER13,250050,10112782367,11/27/2017,24
ER13,100007,10138472642,04/06/2017,23
ER31,276005,10000122813,01/26/2018,18
ER13,250038,10117866753,03/26/2018,20
ER37,704025,10134191868,03/10/2021,14
ER23,380003,10012124743,11/30/2018,20
ER13,250033,10109361187,12/14/2019,15
ER24,608006,10126983258,07/18/2022,13
ER70,792021,10001447556,10/28/2018,19
ER13,250015,10101471328,05/31/2022,12
ER13,250054,10120794229,08/09/2017,16
ER12,356035,10107402462,07/31/2017,15
ER24,356015,10010058857,04/29/2019,11
ER15,156051,10011205802,08/21/2018,14
ER12,702096,10115211961,02/21/2018,14
ER24,356015,10103504523,09/06/2018,13
ER11,484056,10122111897,07/10/2020,14
ER15,156051,10115012395,02/20/2019,10
ER13,250022,10001075296,06/14/2017,14
ER13,250033,10141216454,05/16/2021,13
ER29,276001,10001111237,02/04/2018,11
ER33,250001,10014443460,12/07/2020,10
ER12,356057,10011711339,03/10/2018,8
ER15,156051,10014758986,02/08/2018,10
ER13,250032,10001081224,05/20/2017,11
ER19,724024,10118162146,06/04/2019,8
ER12,410081,10014983765,12/07/2022,9
ER13,250020,10148471325,10/10/2019,191
ER12,356044,10013653147,12/22/2017,84
ER11,484085,10011016746,10/19/2021,78
ER11,840082,10010979765,09/22/2019,49
ER13,250021,10130421994,04/23/2021,58
ER14,056015,10110552969,02/28/2020,45
ER13,250009,10014957251,12/19/2018,40
ER24,356015,10111325777,05/10/2021,28
ER13,250009,10108731268,06/11/2020,36
ER13,250020,10013255127,09/30/2022,24
ER13,250018,10011952591,12/22/2019,24
ER32,616005,10010218980,10/15/2022,31
ER24,608006,10111325777,05/02/2021,31
ER11,840082,10126512612,04/06/2021,31
ER70,792021,10001194514,04/11/2022,20
ER23,380001,10011015699,06/17/2017,22
ER12,356072,10011763151,11/12/2021,17
ER13,250018,10140486126,03/29/2018,17
ER13,250054,10125541032,03/28/2020,18
ER15,156068,10010127459,01/15/2019,19
ER13,250024,10010673254,06/07/2021,17
ER23,380004,10013946690,01/02/2021,12
ER24,250056,10128116160,04/10/2019,15
ER24,356015,10144215250,02/04/2018,15
ER19,724023,10124172699,03/22/2020,13
ER13,250052,10146513635,10/15/2019,13
ER13,250052,10145321278,06/05/2018,9
ER13,250015,10110651539,03/25/2019,10
ER14,276003,10146322937,10/04/2019,12
ER15,156008,10013935373,08/07/2022,8
ER37,360006,10014079357,12/21/2020,9
ER11,484058,10010979765,09/20/2019,163
ER11,484058,10146821459,02/16/2022,120
ER11,484085,10014941693,03/30/2021,64
ER19,724023,10010795136,04/23/2019,43
ER32,616005,10014343197,10/03/2022,45
ER37,704025,10139041707,08/28/2017,35
ER13,250038,10127701351,04/06/2022,33
ER11,484056,10012384795,09/12/2019,34
ER23,380001,10001036161,04/21/2019,45
ER39,208006,10012558747,01/18/2018,44
ER11,484081,10013821124,10/24/2021,41
ER15,156044,10011424525,07/21/2017,28
ER13,348065,10012986687,12/31/2019,24
ER13,250033,10014129148,04/08/2021,29
ER13,250032,10141862875,03/29/2020,31
ER13,250021,10011795662,08/14/2022,30
ER70,792021,10011107340,11/15/2017,25
ER11,484081,10010979765,09/19/2019,25
ER13,250050,10139342320,01/15/2023,23
ER23,380003,10014071451,12/19/2020,18
ER13,250051,10014084150,02/20/2020,22
ER13,100007,10136291300,01/19/2018,16
ER13,250021,10140603772,11/11/2022,16
ER70,792021,10012421235,06/15/2019,20
ER13,250051,10138472642,04/08/2017,19
ER13,250051,10136665560,06/15/2022,15
ER24,356015,10108885810,08/04/2019,17
ER11,840053,10118421652,05/25/2017,15
ER13,348063,10014129148,04/13/2021,18
ER11,484056,10124812409,11/25/2022,16
ER15,156067,10013434312,11/23/2017,19
ER37,360007,10012191959,05/11/2020,13
ER12,702096,10011773849,07/19/2020,11
ER17,756001,10013490711,06/17/2020,10
ER32,203002,10133961462,05/24/2019,14
ER24,356015,10121985754,08/02/2017,9
ER13,250038,10136712971,10/16/2022,10
ER70,792021,10014031594,04/28/2019,12
ER13,250038,10013832732,08/10/2022,10
ER12,036017,10140714158,10/14/2020,10
ER11,840083,10149871867,02/08/2017,9
ER12,356031,10013653147,01/03/2018,65
ER12,356044,10101454249,05/06/2017,59
ER13,250050,10117866753,03/21/2018,43
ER13,250009,10127411846,06/29/2018,47
ER13,250038,10012723799,05/12/2017,52
ER15,156031,10013833827,06/01/2021,53
ER11,484081,10149871867,02/12/2017,40
ER71,826020,10147271544,01/23/2018,34
ER13,250032,10001107991,12/14/2019,30
ER15,156065,10012931333,02/18/2022,41
ER15,156031,10105821061,06/05/2019,27
ER31,276004,10014299473,04/17/2021,26
ER13,250033,10140323775,05/30/2020,21
ER13,250009,10131063474,12/08/2020,31
ER24,356015,10109563552,12/03/2022,20
ER12,356057,10129161564,12/10/2017,19
ER13,250009,10013660607,11/27/2020,18
ER32,616005,10014119958,06/18/2017,17
ER13,250009,10013659126,11/26/2021,15
ER70,792024,10011784267,03/26/2020,20
ER13,250022,10013017261,06/25/2020,21
ER11,484057,10149871867,02/16/2017,19
ER33,250001,10000133805,11/22/2018,14
ER15,156046,10102181904,07/16/2020,15
ER15,156051,10011994938,05/19/2022,14
ER13,250033,10111383335,02/14/2017,11
ER71,826020,10141681353,11/08/2022,12
ER13,250033,10112782367,11/29/2017,14
ER29,276001,10011547338,01/29/2018,14
ER13,250019,10010539947,12/09/2020,10
ER13,250010,10143674117,02/14/2018,11
ER32,203002,10138661479,02/22/2021,9
ER13,250015,10128282605,05/16/2018,10
ER19,724023,10138882313,08/02/2017,818
ER13,250021,10013677886,03/18/2021,256
ER11,484085,10010979765,09/17/2019,89
ER13,250022,10010539947,12/18/2020,130
ER13,100007,10103165100,09/02/2019,92
ER13,250020,10136291300,01/17/2018,106
ER13,250032,10148471325,10/10/2019,97
ER13,250038,10133365063,10/07/2021,80
ER13,428069,10149753779,12/21/2020,45
ER13,250009,10107301460,12/28/2020,37
ER13,250020,10126185444,10/30/2018,32
ER13,250052,10116123113,12/21/2020,32
ER15,156068,10010672596,02/08/2018,42
ER12,702096,10010681868,08/11/2017,27
ER12,702096,10010936866,07/23/2021,34
ER23,380001,10001047322,01/22/2017,26
ER11,840053,10011866492,08/18/2019,36
ER12,702097,10012860764,04/12/2021,28
ER13,250032,10138472642,04/11/2017,28
ER12,702096,10010894822,12/10/2018,25
ER20,840002,10106452938,03/31/2021,24
ER15,156051,10116001444,06/01/2021,28
ER13,250053,10139231435,10/21/2022,27
ER11,484058,10136691855,08/05/2019,26
ER23,380001,10001477143,06/25/2020,21
ER13,250038,10140486126,03/27/2018,17
ER13,250038,10126185444,10/25/2018,16
ER23,380001,10011916709,10/09/2019,21
ER37,764011,10012081647,07/19/2021,15
ER70,792024,10010266318,10/25/2019,15
ER23,380001,10011142788,06/14/2022,12
ER15,156051,10014840486,01/22/2019,14
ER15,156044,10125771076,11/03/2018,10
ER15,156044,10010851542,09/21/2018,13
ER13,250052,10010673254,06/01/2021,10
ER13,250053,10010740548,05/04/2018,12
ER31,276004,10013926493,03/02/2018,10
ER19,724025,10128571710,01/10/2022,9
ER24,356015,10144703435,11/11/2021,7
ER11,484085,10014127744,03/17/2020,104
ER12,356044,10103951379,05/12/2020,73
ER13,250018,10130421994,04/17/2021,109
ER12,356044,10011763151,11/21/2021,82
ER15,156044,10013935373,08/07/2022,56
ER13,250050,10136291300,01/13/2018,55
ER12,702096,10010443870,07/10/2019,49
ER13,250050,10011363778,02/19/2020,45
ER23,380001,10010272786,03/01/2018,47
ER23,380001,10014393777,02/02/2018,39
ER15,156051,10014188398,04/04/2021,30
ER32,203002,10135811415,06/26/2022,21
ER13,348063,10136291300,01/17/2018,22
ER71,826001,10011435139,01/09/2020,26
ER13,250053,10147582371,03/15/2022,19
ER32,616005,10012504988,06/02/2017,25
ER13,250015,10130021356,04/25/2019,19
ER37,704025,10123281319,05/30/2020,18
ER13,250021,10142617024,06/05/2020,21
ER13,250032,10120481365,04/16/2020,21
ER15,156030,10014252304,11/25/2021,16
ER15,156068,10115012395,02/16/2019,14
ER39,208006,10116701400,03/09/2019,16
ER13,250015,10108283385,04/24/2022,16
ER71,826008,10012907204,11/15/2021,19
ER32,616005,10011874982,11/29/2020,16
ER13,250038,10145723608,07/19/2022,15
ER13,250052,10139342320,01/07/2023,10
ER31,276005,10013926493,02/21/2018,15
ER15,156057,10012006538,04/08/2019,11
ER11,840071,10014307190,12/15/2017,9
ER11,840071,10135831911,05/03/2021,11
ER13,250018,10010740548,05/04/2018,10
ER13,250033,10139342320,01/06/2023,8
ER13,250052,10100734995,03/20/2021,8
ER15,156068,10102181904,07/17/2020,11
ER13,250015,10103603373,04/25/2022,7
ER15,156043,10011035305,07/16/2021,2963
ER13,250020,10120134704,02/03/2018,62
ER13,250038,10121772916,05/12/2017,37
ER12,356031,10141541924,01/29/2022,34
ER12,702096,10138471413,06/08/2019,33
ER13,250021,10130242179,04/19/2017,39
ER13,250022,10010975725,12/04/2019,33
ER31,276002,10014299473,04/13/2021,37
ER15,156063,10134732455,04/12/2018,40
ER13,100007,10124773229,10/29/2017,38
ER23,380001,10013546782,06/10/2017,32
ER11,840073,10011866492,08/12/2019,22
ER11,484056,10011266616,12/16/2020,31
ER13,250020,10101261001,09/17/2019,27
ER11,840082,10001496573,09/06/2022,19
ER13,100007,10125541032,03/29/2020,19
ER18,458002,10012015293,03/12/2021,27
ER24,608006,10121044370,01/04/2020,24
ER19,724023,10014783310,12/14/2018,24
ER13,100007,10013255127,10/04/2022,22
ER15,156043,10014252304,11/20/2021,17
ER13,250050,10013255127,10/05/2022,26
ER32,616005,10010136194,10/27/2020,25
ER13,250021,10107482696,01/05/2021,18
ER13,250032,10010417933,02/06/2019,16
ER13,250051,10119594047,10/23/2021,23
ER13,250013,10122722203,08/30/2022,19
ER13,250018,10149695267,06/19/2021,16
ER15,156031,10134732455,04/08/2018,20
ER13,250053,10139062685,01/29/2018,21
ER15,156044,10119511862,11/21/2020,15
ER15,156065,10013002806,12/19/2021,20
ER13,250053,10125541032,03/23/2020,16
ER13,250053,10010673254,06/06/2021,16
ER32,616005,10128541019,12/14/2018,16
ER13,250010,10102473076,01/01/2020,16
ER71,826016,10100911490,09/08/2022,15
ER23,380003,10001047322,01/28/2017,12
ER33,250001,10011425348,04/09/2019,11
ER15,156038,10010404687,10/23/2019,14
ER15,156052,10012936428,06/04/2020,9
ER15,156067,10012219307,05/05/2022,13
ER24,356015,10010101392,08/27/2017,9
ER24,356015,10125044808,09/11/2022,8
ER12,356044,10123725111,05/25/2020,11
ER24,608006,10144093394,09/11/2019,8
ER15,156051,10139972575,06/27/2020,7
ER15,156067,10012155311,07/18/2018,8
ER24,156012,10143964439,06/16/2019,10
ER11,840065,10014210277,04/11/2018,8
ER13,250050,10010417933,02/02/2019,64
ER13,100007,10100202825,03/05/2019,62
ER13,250020,10135165882,12/17/2018,44
ER13,250033,10010581899,03/01/2020,48
ER15,156065,10013758336,06/18/2017,28
ER13,250050,10136665560,06/24/2022,35
ER15,156063,10135161966,07/24/2021,28
ER13,250033,10103922022,07/19/2020,37
ER12,356031,10103951379,05/03/2020,37
ER13,250038,10108302537,02/13/2018,36
ER13,250020,10000136485,02/21/2018,31
ER13,250038,10102551070,11/04/2020,19
ER13,250038,10149762560,01/30/2017,21
ER37,360006,10129561413,06/16/2019,18
ER24,356015,10127406412,07/23/2020,20
ER13,250020,10117866753,03/26/2018,26
ER11,840082,10011016746,10/30/2021,15
ER13,250052,10116762536,04/01/2018,23
ER32,616005,10120911016,07/14/2019,22
ER13,250009,10116762536,04/05/2018,16
ER13,250038,10101471328,05/27/2022,21
ER15,156031,10104121089,02/20/2018,15
ER32,203002,10126781537,01/09/2022,20
ER12,356058,10013696797,12/26/2020,14
ER12,356031,10012549146,09/04/2022,17
ER23,380001,10012519882,05/29/2020,17
ER15,156051,10011260548,06/20/2018,16
ER11,840080,10013896330,01/18/2021,12
ER13,250013,10013659126,11/24/2021,18
ER31,276005,10014299473,04/08/2021,18
ER12,702096,10109192218,03/10/2020,16
ER13,250013,10127661581,03/07/2019,12
ER13,250053,10119594047,10/11/2021,17
ER15,156065,10012155311,07/19/2018,11
ER15,156066,10121911805,06/26/2018,11
ER13,250018,10001081224,05/26/2017,14
ER13,428069,10010417933,02/09/2019,13
ER13,643081,10116762536,04/06/2018,14
ER37,704025,10129111231,12/01/2022,14
ER23,380001,10010084704,11/25/2021,9
ER13,250033,10147582371,03/16/2022,9
ER11,484085,10141191905,01/27/2017,11
ER11,484085,10011866492,08/20/2019,10
ER13,250051,10149821746,02/22/2018,10
ER24,356015,10146686558,08/05/2021,10
ER32,203002,10110831443,07/07/2020,8
ER13,250053,10103922022,07/17/2020,10
ER13,250050,10120741599,11/09/2018,12
ER20,840002,10143723463,12/06/2018,8
ER13,250009,10105423404,05/05/2022,7
ER15,156067,10110711310,05/27/2020,9
ER23,380004,10010330583,05/18/2021,11
ER22,380003,10010254956,12/12/2018,7
ER23,380001,10001303183,06/28/2020,11
ER13,250051,10100734995,03/19/2021,8
ER13,250032,10136077054,07/27/2018,10
ER23,380004,10010442839,11/23/2018,10
ER11,840080,10111951831,01/10/2021,189
ER11,840080,10014950938,07/31/2017,98
ER13,250013,10120703095,02/23/2022,75
ER11,484085,10013994149,10/22/2022,68
ER13,250013,10110415154,09/04/2017,63
ER13,250033,10013660607,11/25/2020,59
ER13,250038,10113914011,10/23/2019,41
ER13,100007,10149695267,06/22/2021,29
ER11,484081,10102491859,09/30/2020,33
ER32,616005,10014476983,02/21/2021,33
ER12,702096,10011385862,11/23/2021,18
ER13,250018,10128582648,05/07/2018,27
ER15,156031,10120202860,05/02/2020,20
ER13,250013,10013660607,11/22/2020,17
ER32,203002,10145151345,02/21/2017,19
ER11,840080,10108761435,11/12/2017,16
ER13,250050,10104021835,01/29/2021,20
ER13,250022,10014360852,07/08/2019,20
ER13,250018,10013255127,10/06/2022,17
ER13,250053,10149762560,01/23/2017,18
ER15,156051,10012260707,03/15/2022,16
ER13,250018,10116174778,07/05/2018,15
ER13,250038,10109622818,08/22/2019,18
ER13,250020,10116762536,04/01/2018,12
ER13,250022,10120134704,01/26/2018,17
ER13,250009,10122602620,05/16/2019,17
ER13,250033,10011244571,03/26/2020,17
ER70,792021,10014151349,11/25/2020,16
ER21,616002,10011449352,07/21/2022,11
ER24,608006,10111871049,09/12/2020,14
ER15,156038,10010794308,10/21/2022,15
ER70,792021,10010589514,11/23/2022,10
ER32,616005,10011461991,02/20/2020,12
ER12,702096,10012712891,03/31/2019,9
ER11,484081,10014210277,04/08/2018,13
ER19,250018,10128442174,10/02/2022,12
ER29,276001,10014941446,12/05/2020,9
ER24,356015,10141913676,06/15/2018,13
ER13,348063,10014244250,01/03/2021,11
ER37,360007,10013195146,12/16/2020,11
ER23,380001,10014935874,04/14/2021,12
ER32,203002,10108121559,10/21/2022,10
ER24,356015,10141733350,11/07/2021,12
ER15,156065,10012881473,09/27/2021,8
ER13,250015,10112927095,05/15/2017,11
ER32,203002,10134091508,03/30/2017,9
ER13,250015,10102551070,11/09/2020,10
ER23,380001,10011106817,12/09/2019,7
ER11,840071,10010979765,09/18/2019,84
ER13,250052,10112811564,09/25/2019,55
ER11,484081,10132371535,02/26/2022,48
ER13,100007,10146634719,02/01/2018,57
ER32,616005,10014860975,09/28/2022,51
ER13,100007,10143595926,03/08/2019,42
ER13,250009,10149762560,01/26/2017,28
ER13,250020,10014244250,12/31/2020,41
ER32,616005,10014158993,12/06/2019,34
ER12,702096,10128001209,04/06/2018,26
ER32,616005,10013323987,04/12/2022,33
ER13,348065,10132975812,02/21/2021,30
ER13,250022,10128232084,07/02/2021,21
ER13,250033,10139062685,01/29/2018,26
ER13,250015,10106114246,03/27/2019,30
ER13,250013,10128421310,12/02/2018,19
ER13,250054,10110171403,07/31/2020,21
ER13,250038,10137332651,05/17/2019,19
ER13,348063,10013659126,11/18/2021,18
ER13,250050,10100202825,03/05/2019,18
ER13,250013,10014247615,06/09/2020,18
ER11,484085,10102491859,09/26/2020,16
ER13,250053,10134442278,05/25/2017,20
ER13,250033,10125541032,03/27/2020,16
ER39,208006,10143631343,05/16/2021,17
ER13,100007,10013437229,07/18/2019,12
ER13,250050,10136712971,10/21/2022,11
ER13,250050,10138472642,04/11/2017,15
ER13,250024,10127701351,04/03/2022,11
ER14,056015,10012168349,05/10/2018,11
ER13,250018,10001107991,12/05/2019,11
ER13,250013,10126185444,10/28/2018,10
ER13,250020,10100734995,03/20/2021,10
ER24,356015,10149055160,12/02/2017,9
ER32,616005,10011402974,03/22/2022,10
ER13,100007,10128582648,05/07/2018,10
ER13,250038,10130021356,04/24/2019,105
ER11,840080,10146281389,12/01/2020,60
ER11,840080,10122111897,07/14/2020,56
ER13,250038,10102771348,08/15/2020,53
ER13,250022,10115292717,04/17/2020,40
ER13,250038,10128582648,05/04/2018,30
ER15,156031,10100791999,08/08/2022,30
ER13,250038,10010417933,02/07/2019,18
ER11,840080,10102491859,10/02/2020,18
ER13,250018,10146634719,02/03/2018,17
ER11,840082,10000104531,02/21/2018,17
ER12,356044,10011486138,03/29/2017,16
ER13,250038,10130471884,01/17/2022,20
ER19,724025,10134042323,12/11/2020,21
ER11,840079,10011151534,06/18/2021,16
ER11,840080,10149871867,02/09/2017,22
ER13,250022,10011559788,06/10/2019,18
ER12,702096,10103241955,06/05/2021,19
ER15,156068,10115162838,11/18/2018,17
ER37,764011,10013024300,10/13/2021,14
ER23,380001,10001193845,03/03/2019,12
ER13,250053,10001107991,12/03/2019,16
ER11,484085,10116483489,11/14/2019,14
ER23,380001,10014262779,02/28/2018,11
ER70,792021,10012181256,03/08/2020,12
ER13,250018,10100202825,03/02/2019,16
ER13,250013,10010890606,10/23/2022,11
ER15,156068,10012422906,12/24/2021,12
ER13,250021,10103706611,03/22/2017,10
ER11,484081,10116483489,11/12/2019,12
ER13,250050,10139991054,07/21/2021,13
ER13,250015,10102771348,08/16/2020,10
ER12,702096,10010834909,04/19/2022,10
ER15,156031,10012346299,11/01/2020,10
ER11,484085,10001249616,10/30/2018,13
ER15,156030,10010404687,10/12/2019,10
ER24,840030,10128116160,04/08/2019,12
ER13,250019,10011614241,05/05/2018,10
ER13,100007,10142883083,02/18/2020,10
ER13,250038,10147582371,03/22/2022,7
ER13,250020,10149762560,01/27/2017,9
ER13,250038,10139062685,01/25/2018,89
ER13,250021,10148471325,10/03/2019,50
ER13,250022,10126141672,02/09/2022,37
ER15,156063,10105821061,06/10/2019,27
ER13,250022,10134442278,05/16/2017,32
ER13,250038,10146513635,10/24/2019,20
ER19,724023,10012633596,06/28/2022,18
ER13,250053,10106611929,08/14/2022,18
ER13,100007,10001107991,12/05/2019,15
ER32,203002,10145041568,03/25/2020,14
ER15,156030,10013833827,06/01/2021,14
ER13,250013,10106611929,08/06/2022,15
ER11,840082,10012058228,09/21/2019,18
ER15,156063,10012346299,11/02/2020,20
ER13,250013,10102551070,10/31/2020,13
ER13,250052,10132842458,10/16/2019,14
ER15,156051,10014449921,08/30/2020,13
ER37,360007,10122341536,03/25/2020,17
ER12,356053,10121863417,06/04/2021,13
ER11,840053,10010979765,09/16/2019,15
ER31,276004,10010392424,12/04/2017,14
ER13,250050,10117733145,06/24/2022,11
ER13,250033,10112742468,04/19/2017,15
ER11,484058,10013986759,01/20/2021,12
ER13,250013,10145962554,11/02/2018,16
ER13,250021,10011952591,12/19/2019,12
ER13,250018,10014129148,04/15/2021,15
ER70,792021,10001214060,09/15/2020,10
ER15,156065,10014252304,11/28/2021,10
ER13,250013,10012380756,12/26/2020,14
ER13,100007,10147722823,11/17/2022,15
ER11,484058,10014941693,04/03/2021,15
ER13,250010,10114991561,04/10/2018,12
ER23,380001,10014038702,01/30/2018,10
ER11,840053,10010973877,12/02/2018,10
ER15,156051,10110711310,05/21/2020,12
ER15,156044,10014989937,07/04/2020,13
ER15,156013,10012936428,05/29/2020,13
ER15,156063,10145953406,02/11/2018,10
ER15,156067,10138612816,02/18/2021,9
ER13,250052,10113193737,05/23/2021,8
ER11,840082,10011266616,12/11/2020,9
ER13,250009,10136712971,10/22/2022,10
ER15,156051,10010419519,01/04/2021,10
ER11,840079,10118421652,05/28/2017,9
ER13,250013,10102771348,08/14/2020,10
ER32,203002,10134161467,08/06/2022,10
ER11,484081,10013475542,06/13/2020,9
ER32,616005,10128551145,10/26/2019,54
ER13,250020,10001107991,12/15/2019,46
ER13,250018,10136703473,01/04/2019,25
ER15,156029,10145953406,02/19/2018,21
ER13,250009,10010890606,10/28/2022,25
ER13,250020,10146513635,10/22/2019,25
ER13,250022,10133365063,10/06/2021,17
ER13,250038,10011952591,12/24/2019,21
ER37,764011,10124751307,04/13/2018,16
ER13,250009,10123851390,01/27/2018,13
ER13,250038,10001275846,08/20/2020,14
ER11,840080,10116483489,11/11/2019,12
ER13,100007,10138893519,10/29/2017,15
ER13,250053,10013832732,08/11/2022,16
ER13,250022,10100734995,03/20/2021,15
ER12,356057,10132821623,05/05/2019,11
ER23,380001,10014948711,10/03/2022,13
ER24,608006,10142925145,05/16/2020,12
ER13,250009,10116123113,12/26/2020,14
ER12,702096,10001419521,02/22/2018,10
ER13,250020,10010581899,02/18/2020,10
ER12,702096,10103512034,08/09/2017,11
ER13,250038,10145521850,12/26/2022,9
ER24,356018,10121813561,11/30/2019,10
ER11,840080,10013821124,10/23/2021,8
ER13,250021,10113314814,10/12/2017,12
ER12,702096,10014983765,12/11/2022,12
ER13,250053,10139342320,01/09/2023,9
ER13,100007,10013659126,11/25/2021,7
ER70,792021,10010288353,01/05/2018,9
ER13,250015,10013659126,11/27/2021,9
ER23,380001,10014847814,09/02/2021,9
ER13,250009,10101261001,09/15/2019,8
ER13,250033,10132317845,01/22/2018,33
ER13,250020,10124773229,11/05/2017,18
ER23,380001,10010277762,12/23/2018,19
ER15,156063,10013833827,06/01/2021,18
ER13,250038,10146937092,07/24/2017,22
ER13,250053,10100734995,03/24/2021,14
ER12,356031,10138834144,03/18/2018,13
ER19,724025,10107102493,04/15/2017,18
ER13,250039,10117336738,03/19/2017,18
ER13,250018,10117866753,03/25/2018,13
ER13,250052,10117866753,03/26/2018,11
ER13,250022,10138893519,10/28/2017,13
ER13,250053,10133365063,09/23/2021,12
ER13,250013,10014132487,11/13/2017,10
ER13,100007,10013017261,06/23/2020,10
ER13,250033,10101261001,09/24/2019,11
ER13,250011,10145021635,04/15/2021,11
ER11,840079,10102991351,06/21/2017,11
ER14,056015,10111591379,03/06/2019,8
ER19,724025,10014487306,07/03/2020,11
ER13,250022,10121973790,11/27/2022,9
ER32,203002,10142251442,03/18/2021,9
ER32,616005,10108831021,08/13/2022,11
ER13,100007,10144043423,11/11/2021,7
ER13,250020,10142617024,06/17/2020,9
ER13,250033,10013017261,06/17/2020,8
ER13,250054,10102771348,08/15/2020,9
ER13,250013,10144205288,05/23/2021,10
ER13,250038,10110171403,07/31/2020,10
ER15,156063,10127931301,01/12/2022,8
ER15,156043,10131581608,05/21/2018,660
ER13,250020,10146937092,07/18/2017,244
ER13,250021,10133641149,12/02/2017,36
ER13,250018,10100734995,03/23/2021,37
ER11,484058,10011266616,12/13/2020,31
ER11,484058,10011016746,10/17/2021,36
ER13,250020,10113666768,04/27/2022,24
ER11,484085,10000104531,02/21/2018,17
ER23,380001,10011439696,06/29/2021,22
ER13,250050,10011952591,12/15/2019,18
ER12,356044,10001057325,02/25/2020,14
ER13,250038,10109002166,05/30/2019,11
ER11,840079,10014751464,01/02/2022,11
ER13,250009,10113914011,10/28/2019,13
ER13,348063,10014734242,11/29/2018,9
ER32,616005,10012979976,10/31/2017,12
ER23,380001,10011761764,01/09/2022,9
ER11,484085,10012384795,09/23/2019,10
ER32,616005,10132181121,01/11/2020,10
ER13,250038,10107301460,12/24/2020,10
ER13,250050,10001075296,06/18/2017,11
ER11,484058,10132094021,03/09/2018,9
ER13,250032,10140444444,04/15/2019,7
ER13,250039,10134442278,05/17/2017,7
ER15,156043,10109104432,09/28/2019,891
ER11,484081,10013896330,01/31/2021,85
ER13,250040,10117336738,03/19/2017,36
ER15,156002,10011386715,03/27/2019,37
ER15,156002,10012881473,10/01/2021,21
ER15,156002,10010979604,03/16/2021,27
ER15,156002,10010404687,10/14/2019,22
ER15,156002,10012219307,05/05/2022,14
ER15,156002,10013002806,12/14/2021,20
ER15,156002,10013758336,06/09/2017,16
ER15,156002,10013076309,08/19/2022,12
ER15,156002,10011809644,09/13/2019,15
ER13,250040,10133365063,09/24/2021,11
ER15,156002,10013935373,08/04/2022,13
ER13,250040,10105772890,02/07/2022,12
ER12,702102,10012860764,04/09/2021,13
ER13,250033,10013832732,08/11/2022,10
ER15,156002,10103071822,03/03/2022,12
ER15,156002,10012936428,06/06/2020,9
ER11,840079,10011266616,12/15/2020,10
ER15,156002,10012155311,07/08/2018,10
ER15,156002,10012206300,04/03/2019,7
